symbol,side_group,extra_delay_minutes,signal_utc,btc_signal_bps,gross_bps
DOGEUSDT,both,0,2026-07-01 01:11:00+00:00,-31.026591709881757,-2.812939521801283
DOGEUSDT,both,0,2026-07-01 03:53:00+00:00,27.072276103190518,-9.671179883945502
DOGEUSDT,both,0,2026-07-01 13:41:00+00:00,28.549237088189017,6.945409084595511
DOGEUSDT,both,0,2026-07-01 14:11:00+00:00,33.291309288809856,20.686801820437584
DOGEUSDT,both,0,2026-07-01 15:24:00+00:00,52.4199361177935,-17.694296991968006
DOGEUSDT,both,0,2026-07-01 22:22:00+00:00,37.10219990420427,-6.785181164338239
DOGEUSDT,both,0,2026-07-01 22:30:00+00:00,-31.393988674253137,4.093886462882557
DOGEUSDT,both,0,2026-07-02 03:28:00+00:00,55.30494944236963,-32.83173734610179
DOGEUSDT,both,0,2026-07-02 03:39:00+00:00,28.51093021941864,10.936431989063689
DOGEUSDT,both,0,2026-07-02 09:46:00+00:00,-28.830231669640938,-5.453306066802721
DOGEUSDT,both,0,2026-07-02 12:31:00+00:00,30.468887437944403,-29.49852507374562
DOGEUSDT,both,0,2026-07-02 13:29:00+00:00,-29.01448387039096,-25.46916890080464
DOGEUSDT,both,0,2026-07-02 14:02:00+00:00,28.30572700174727,-50.52519611753792
DOGEUSDT,both,0,2026-07-02 15:37:00+00:00,-32.92390846873161,-21.473627700978604
DOGEUSDT,both,0,2026-07-02 16:16:00+00:00,-28.30381295147788,2.6878107781225236
DOGEUSDT,both,0,2026-07-02 16:28:00+00:00,-41.67314919893528,-10.790396547073478
DOGEUSDT,both,0,2026-07-02 19:56:00+00:00,-27.759364270956155,8.087343307724426
DOGEUSDT,both,0,2026-07-02 20:58:00+00:00,26.867003431991776,-17.524939336747146
DOGEUSDT,both,0,2026-07-03 20:07:00+00:00,40.61448751192742,-11.618900077460248
DOGEUSDT,both,0,2026-07-05 22:21:00+00:00,26.715837567046208,21.719688258590164
DOGEUSDT,both,0,2026-07-06 11:58:00+00:00,-43.318422596954065,80.6556524001556
DOGEUSDT,both,0,2026-07-06 13:31:00+00:00,28.217796248473093,21.419009370815534
DOGEUSDT,both,0,2026-07-06 14:24:00+00:00,34.25407190212226,3.972983710767153
DOGEUSDT,both,0,2026-07-06 15:42:00+00:00,48.44801724784631,-17.07156927117426
DOGEUSDT,both,0,2026-07-06 15:51:00+00:00,57.774615134125185,11.837432592396446
DOGEUSDT,both,0,2026-07-06 21:10:00+00:00,76.86459278543722,-14.115231618119228
DOGEUSDT,both,0,2026-07-07 14:36:00+00:00,-53.846784612563425,-22.976077848357868
DOGEUSDT,both,0,2026-07-08 01:37:00+00:00,-38.353917266764626,-21.92081107001087
DOGEUSDT,both,0,2026-07-08 08:17:00+00:00,-31.539099418136374,45.87155963302947
DOGEUSDT,both,0,2026-07-08 11:44:00+00:00,41.6966873235225,-8.325239350630564
DOGEUSDT,both,0,2026-07-08 14:21:00+00:00,27.19474943381428,2.7773920288831633
DOGEUSDT,both,0,2026-07-08 14:46:00+00:00,-27.847441300234976,1.3986013986011514
DOGEUSDT,both,0,2026-07-09 01:10:00+00:00,58.49239383936222,-37.01672607622775
DOGEUSDT,both,0,2026-07-09 01:41:00+00:00,-28.967242234383406,-2.769315978952136
DOGEUSDT,both,0,2026-07-09 14:16:00+00:00,-29.601484650374488,-6.92328994738256
DOGEUSDT,both,0,2026-07-09 15:23:00+00:00,34.148393063979654,-10.985992859103844
DOGEUSDT,both,0,2026-07-09 18:08:00+00:00,39.19958277361246,9.574613595950687
DOGEUSDT,both,0,2026-07-10 01:49:00+00:00,67.85196105052904,21.618700175651817
DOGEUSDT,both,0,2026-07-10 08:17:00+00:00,27.48875791819927,9.437778077390213
DOGEUSDT,both,0,2026-07-10 14:33:00+00:00,-51.930973410012626,-17.672648178359562
DOGEUSDT,both,0,2026-07-11 15:38:00+00:00,-35.11933980936632,-13.315579227697327
DOGEUSDT,both,0,2026-07-13 00:11:00+00:00,28.891519412841404,25.77319587629079
DOGEUSDT,both,0,2026-07-13 00:46:00+00:00,34.806715580533165,17.752287313941295
DOGEUSDT,both,0,2026-07-13 01:10:00+00:00,-28.47347510874343,-31.528444139821143
DOGEUSDT,both,0,2026-07-13 01:18:00+00:00,-26.49763643745473,-9.586414680908817
DOGEUSDT,both,0,2026-07-13 14:17:00+00:00,-32.16126099163219,-44.46297068222638
DOGEUSDT,both,0,2026-07-13 17:37:00+00:00,-27.35732966559823,-23.869699522605092
DOGEUSDT,both,0,2026-07-14 12:31:00+00:00,94.43454551377073,13.709898546749866
DOGEUSDT,both,0,2026-07-14 14:05:00+00:00,-26.779580918585566,-18.99592944369033
DOGEUSDT,both,0,2026-07-14 15:00:00+00:00,28.105354307950137,2.6842034626217703
DOGEUSDT,both,0,2026-07-14 15:32:00+00:00,61.367429903746995,-15.99786695107297
DOGEUSDT,both,0,2026-07-14 22:21:00+00:00,39.881195646120915,-1.3446282103013463
DOGEUSDT,both,0,2026-07-15 12:31:00+00:00,33.93549651660166,-10.8108108108107
DOGEUSDT,both,0,2026-07-15 13:26:00+00:00,-27.148431321784017,-16.019223067680333
DOGEUSDT,both,0,2026-07-15 14:22:00+00:00,30.18797393563588,-33.40013360053406
DOGEUSDT,both,0,2026-07-15 17:49:00+00:00,-29.34548200506981,-6.743997841922589
DOGEUSDT,both,0,2026-07-17 13:58:00+00:00,26.50279290229207,22.274815536682535
DOGEUSDT,both,0,2026-07-20 01:10:00+00:00,27.326906248390515,-36.96098562628425
DOGEUSDT,both,0,2026-07-20 05:13:00+00:00,-26.598701009223902,-16.727069974908915
DOGEUSDT,both,0,2026-07-20 08:38:00+00:00,-27.438333768152745,-11.182555213866685
DOGEUSDT,both,0,2026-07-20 11:33:00+00:00,40.32949949003495,16.51073197578512
DOGEUSDT,both,0,2026-07-20 15:44:00+00:00,26.67217260027499,19.16495550992492
DOGEUSDT,both,0,2026-07-21 05:49:00+00:00,30.027381666801745,-5.479452054794054
DOGEUSDT,both,0,2026-07-21 17:47:00+00:00,-66.08028381320352,-49.34886908841696
DOGEUSDT,both,0,2026-07-23 07:12:00+00:00,-35.713532972785345,-19.412090959511907
DOGEUSDT,both,0,2026-07-26 22:01:00+00:00,35.449889904626275,1.3674278681796714
DOGEUSDT,both,0,2026-07-27 14:21:00+00:00,-28.014515785805827,6.940588561911154
DOGEUSDT,both,0,2026-07-27 14:31:00+00:00,-42.62263532599064,-32.25354087785792
DOGEUSDT,both,0,2026-07-27 22:41:00+00:00,-47.31903117674463,32.33970753655946
DOGEUSDT,both,0,2026-07-27 22:58:00+00:00,-32.55150075807123,17.02852277565059
DOGEUSDT,both,0,2026-07-28 15:21:00+00:00,29.28965667797101,63.956793632744535
DOGEUSDT,both,0,2026-07-29 13:40:00+00:00,26.727932107082353,5.663315871442531
DOGEUSDT,both,0,2026-07-29 18:01:00+00:00,34.416755993422754,-4.2348955392434995
DOGEUSDT,both,0,2026-07-29 18:32:00+00:00,-29.90644764503614,-0.0
DOGEUSDT,both,0,2026-07-29 19:48:00+00:00,-30.1797810916149,-8.608321377332473
DOGEUSDT,both,0,2026-07-30 11:51:00+00:00,27.604676182413357,-1.4257199885936434
DOGEUSDT,both,0,2026-07-31 01:10:00+00:00,33.73941368579381,-5.642544787699544
DOGEUSDT,both,0,2026-07-31 14:07:00+00:00,-41.60368785768753,-50.953559470083846
DOGEUSDT,both,1,2026-07-01 01:11:00+00:00,-31.026591709881757,42.15259238443125
DOGEUSDT,both,1,2026-07-01 03:53:00+00:00,27.072276103190518,-11.051250172675608
DOGEUSDT,both,1,2026-07-01 13:41:00+00:00,28.549237088189017,31.975531766996745
DOGEUSDT,both,1,2026-07-01 14:11:00+00:00,33.291309288809856,27.552004408319952
DOGEUSDT,both,1,2026-07-01 15:24:00+00:00,52.4199361177935,-14.974135583991632
DOGEUSDT,both,1,2026-07-01 22:22:00+00:00,37.10219990420427,-48.760666395776255
DOGEUSDT,both,1,2026-07-01 22:30:00+00:00,-31.393988674253137,16.36214889555565
DOGEUSDT,both,1,2026-07-02 03:28:00+00:00,55.30494944236963,-4.113533525296198
DOGEUSDT,both,1,2026-07-02 03:39:00+00:00,28.51093021941864,10.933442667759863
DOGEUSDT,both,1,2026-07-02 09:46:00+00:00,-28.830231669640938,-20.46105579047941
DOGEUSDT,both,1,2026-07-02 12:31:00+00:00,30.468887437944403,21.548821548822428
DOGEUSDT,both,1,2026-07-02 13:29:00+00:00,-29.01448387039096,-79.10968087959435
DOGEUSDT,both,1,2026-07-02 14:02:00+00:00,28.30572700174727,-34.55149501661037
DOGEUSDT,both,1,2026-07-02 15:37:00+00:00,-32.92390846873161,-13.406622871698914
DOGEUSDT,both,1,2026-07-02 16:16:00+00:00,-28.30381295147788,12.088650100740006
DOGEUSDT,both,1,2026-07-02 16:28:00+00:00,-41.67314919893528,-8.092797410306218
DOGEUSDT,both,1,2026-07-02 19:56:00+00:00,-27.759364270956155,26.92514808831481
DOGEUSDT,both,1,2026-07-02 20:58:00+00:00,26.867003431991776,-14.838796708485091
DOGEUSDT,both,1,2026-07-03 20:07:00+00:00,40.61448751192742,-27.079303675047186
DOGEUSDT,both,1,2026-07-05 22:21:00+00:00,26.715837567046208,-5.103993875207324
DOGEUSDT,both,1,2026-07-06 11:58:00+00:00,-43.318422596954065,145.6436931079319
DOGEUSDT,both,1,2026-07-06 13:31:00+00:00,28.217796248473093,16.107382550336613
DOGEUSDT,both,1,2026-07-06 14:24:00+00:00,34.25407190212226,19.915029208710244
DOGEUSDT,both,1,2026-07-06 15:42:00+00:00,48.44801724784631,-14.44896886903968
DOGEUSDT,both,1,2026-07-06 15:51:00+00:00,57.774615134125185,-2.6274303730944304
DOGEUSDT,both,1,2026-07-06 21:10:00+00:00,76.86459278543722,-32.022543870885436
DOGEUSDT,both,1,2026-07-07 14:36:00+00:00,-53.846784612563425,-21.656740660529472
DOGEUSDT,both,1,2026-07-08 01:37:00+00:00,-38.353917266764626,-49.40304652120142
DOGEUSDT,both,1,2026-07-08 08:17:00+00:00,-31.539099418136374,-11.173184357542443
DOGEUSDT,both,1,2026-07-08 11:44:00+00:00,41.6966873235225,8.341443069652676
DOGEUSDT,both,1,2026-07-08 14:21:00+00:00,27.19474943381428,-19.412090959511907
DOGEUSDT,both,1,2026-07-08 14:46:00+00:00,-27.847441300234976,-13.986013986013734
DOGEUSDT,both,1,2026-07-09 01:10:00+00:00,58.49239383936222,-2.751788662629373
DOGEUSDT,both,1,2026-07-09 01:41:00+00:00,-28.967242234383406,-4.154549231407678
DOGEUSDT,both,1,2026-07-09 14:16:00+00:00,-29.601484650374488,1.3837000138361422
DOGEUSDT,both,1,2026-07-09 15:23:00+00:00,34.148393063979654,-20.621391256530064
DOGEUSDT,both,1,2026-07-09 18:08:00+00:00,39.19958277361246,2.7318672312537373
DOGEUSDT,both,1,2026-07-10 01:49:00+00:00,67.85196105052904,10.829836198726905
DOGEUSDT,both,1,2026-07-10 08:17:00+00:00,27.48875791819927,-18.827326519634813
DOGEUSDT,both,1,2026-07-10 14:33:00+00:00,-51.930973410012626,-17.65584680157639
DOGEUSDT,both,1,2026-07-11 15:38:00+00:00,-35.11933980936632,-13.313806417254437
DOGEUSDT,both,1,2026-07-13 00:11:00+00:00,28.891519412841404,27.122321670736138
DOGEUSDT,both,1,2026-07-13 00:46:00+00:00,34.806715580533165,12.283335608023194
DOGEUSDT,both,1,2026-07-13 01:10:00+00:00,-28.47347510874343,-53.41734009039811
DOGEUSDT,both,1,2026-07-13 01:18:00+00:00,-26.49763643745473,-0.0
DOGEUSDT,both,1,2026-07-13 14:17:00+00:00,-32.16126099163219,-4.1574279379164025
DOGEUSDT,both,1,2026-07-13 17:37:00+00:00,-27.35732966559823,2.80229788426567
DOGEUSDT,both,1,2026-07-14 12:31:00+00:00,94.43454551377073,19.20438957475845
DOGEUSDT,both,1,2026-07-14 14:05:00+00:00,-26.779580918585566,-2.7114967462038564
DOGEUSDT,both,1,2026-07-14 15:00:00+00:00,28.105354307950137,-5.373455131650884
DOGEUSDT,both,1,2026-07-14 15:32:00+00:00,61.367429903746995,-17.340269441108447
DOGEUSDT,both,1,2026-07-14 22:21:00+00:00,39.881195646120915,-13.435442697837807
DOGEUSDT,both,1,2026-07-15 12:31:00+00:00,33.93549651660166,-6.760411032989966
DOGEUSDT,both,1,2026-07-15 13:26:00+00:00,-27.148431321784017,-25.36376985716071
DOGEUSDT,both,1,2026-07-15 14:22:00+00:00,30.18797393563588,-6.6907533788318485
DOGEUSDT,both,1,2026-07-15 17:49:00+00:00,-29.34548200506981,-10.791852151625925
DOGEUSDT,both,1,2026-07-17 13:58:00+00:00,26.50279290229207,18.08318264014508
DOGEUSDT,both,1,2026-07-20 01:10:00+00:00,27.326906248390515,-26.041666666666295
DOGEUSDT,both,1,2026-07-20 05:13:00+00:00,-26.598701009223902,-15.318200807685756
DOGEUSDT,both,1,2026-07-20 08:38:00+00:00,-27.438333768152745,1.3964530093557581
DOGEUSDT,both,1,2026-07-20 11:33:00+00:00,40.32949949003495,23.419203747072626
DOGEUSDT,both,1,2026-07-20 15:44:00+00:00,26.67217260027499,10.948405638431247
DOGEUSDT,both,1,2026-07-21 05:49:00+00:00,30.027381666801745,-1.370614035086648
DOGEUSDT,both,1,2026-07-21 17:47:00+00:00,-66.08028381320352,-34.260655063724776
DOGEUSDT,both,1,2026-07-23 07:12:00+00:00,-35.713532972785345,-16.62971175166339
DOGEUSDT,both,1,2026-07-26 22:01:00+00:00,35.449889904626275,10.954402300424881
DOGEUSDT,both,1,2026-07-27 14:21:00+00:00,-28.014515785805827,29.085872576177785
DOGEUSDT,both,1,2026-07-27 14:31:00+00:00,-42.62263532599064,20.958502165711046
DOGEUSDT,both,1,2026-07-27 22:41:00+00:00,-47.31903117674463,40.75895994378076
DOGEUSDT,both,1,2026-07-27 22:58:00+00:00,-32.55150075807123,35.45093590470838
DOGEUSDT,both,1,2026-07-28 15:21:00+00:00,29.28965667797101,36.82197988953418
DOGEUSDT,both,1,2026-07-29 13:40:00+00:00,26.727932107082353,5.667327854916859
DOGEUSDT,both,1,2026-07-29 18:01:00+00:00,34.416755993422754,5.640953321111031
DOGEUSDT,both,1,2026-07-29 18:32:00+00:00,-29.90644764503614,-31.27221037668715
DOGEUSDT,both,1,2026-07-29 19:48:00+00:00,-30.1797810916149,10.021474588404189
DOGEUSDT,both,1,2026-07-30 11:51:00+00:00,27.604676182413357,7.137758743753775
DOGEUSDT,both,1,2026-07-31 01:10:00+00:00,33.73941368579381,-15.516998166172913
DOGEUSDT,both,1,2026-07-31 14:07:00+00:00,-41.60368785768753,-71.26236183827794
DOGEUSDT,bull,0,2026-07-01 03:53:00+00:00,27.072276103190518,-9.671179883945502
DOGEUSDT,bull,0,2026-07-01 13:41:00+00:00,28.549237088189017,6.945409084595511
DOGEUSDT,bull,0,2026-07-01 14:11:00+00:00,33.291309288809856,20.686801820437584
DOGEUSDT,bull,0,2026-07-01 15:24:00+00:00,52.4199361177935,-17.694296991968006
DOGEUSDT,bull,0,2026-07-01 22:22:00+00:00,37.10219990420427,-6.785181164338239
DOGEUSDT,bull,0,2026-07-02 03:28:00+00:00,55.30494944236963,-32.83173734610179
DOGEUSDT,bull,0,2026-07-02 03:39:00+00:00,28.51093021941864,10.936431989063689
DOGEUSDT,bull,0,2026-07-02 12:31:00+00:00,30.468887437944403,-29.49852507374562
DOGEUSDT,bull,0,2026-07-02 14:02:00+00:00,28.30572700174727,-50.52519611753792
DOGEUSDT,bull,0,2026-07-02 20:58:00+00:00,26.867003431991776,-17.524939336747146
DOGEUSDT,bull,0,2026-07-03 20:07:00+00:00,40.61448751192742,-11.618900077460248
DOGEUSDT,bull,0,2026-07-05 22:21:00+00:00,26.715837567046208,21.719688258590164
DOGEUSDT,bull,0,2026-07-06 13:31:00+00:00,28.217796248473093,21.419009370815534
DOGEUSDT,bull,0,2026-07-06 14:24:00+00:00,34.25407190212226,3.972983710767153
DOGEUSDT,bull,0,2026-07-06 15:42:00+00:00,48.44801724784631,-17.07156927117426
DOGEUSDT,bull,0,2026-07-06 15:51:00+00:00,57.774615134125185,11.837432592396446
DOGEUSDT,bull,0,2026-07-06 21:10:00+00:00,76.86459278543722,-14.115231618119228
DOGEUSDT,bull,0,2026-07-08 11:44:00+00:00,41.6966873235225,-8.325239350630564
DOGEUSDT,bull,0,2026-07-08 14:21:00+00:00,27.19474943381428,2.7773920288831633
DOGEUSDT,bull,0,2026-07-09 01:10:00+00:00,58.49239383936222,-37.01672607622775
DOGEUSDT,bull,0,2026-07-09 15:23:00+00:00,34.148393063979654,-10.985992859103844
DOGEUSDT,bull,0,2026-07-09 18:08:00+00:00,39.19958277361246,9.574613595950687
DOGEUSDT,bull,0,2026-07-10 01:49:00+00:00,67.85196105052904,21.618700175651817
DOGEUSDT,bull,0,2026-07-10 08:17:00+00:00,27.48875791819927,9.437778077390213
DOGEUSDT,bull,0,2026-07-13 00:11:00+00:00,28.891519412841404,25.77319587629079
DOGEUSDT,bull,0,2026-07-13 00:46:00+00:00,34.806715580533165,17.752287313941295
DOGEUSDT,bull,0,2026-07-14 12:31:00+00:00,94.43454551377073,13.709898546749866
DOGEUSDT,bull,0,2026-07-14 15:00:00+00:00,28.105354307950137,2.6842034626217703
DOGEUSDT,bull,0,2026-07-14 15:32:00+00:00,61.367429903746995,-15.99786695107297
DOGEUSDT,bull,0,2026-07-14 22:21:00+00:00,39.881195646120915,-1.3446282103013463
DOGEUSDT,bull,0,2026-07-15 12:31:00+00:00,33.93549651660166,-10.8108108108107
DOGEUSDT,bull,0,2026-07-15 14:22:00+00:00,30.18797393563588,-33.40013360053406
DOGEUSDT,bull,0,2026-07-17 13:58:00+00:00,26.50279290229207,22.274815536682535
DOGEUSDT,bull,0,2026-07-20 01:10:00+00:00,27.326906248390515,-36.96098562628425
DOGEUSDT,bull,0,2026-07-20 11:33:00+00:00,40.32949949003495,16.51073197578512
DOGEUSDT,bull,0,2026-07-20 15:44:00+00:00,26.67217260027499,19.16495550992492
DOGEUSDT,bull,0,2026-07-21 05:49:00+00:00,30.027381666801745,-5.479452054794054
DOGEUSDT,bull,0,2026-07-26 22:01:00+00:00,35.449889904626275,1.3674278681796714
DOGEUSDT,bull,0,2026-07-28 15:21:00+00:00,29.28965667797101,63.956793632744535
DOGEUSDT,bull,0,2026-07-29 13:40:00+00:00,26.727932107082353,5.663315871442531
DOGEUSDT,bull,0,2026-07-29 18:01:00+00:00,34.416755993422754,-4.2348955392434995
DOGEUSDT,bull,0,2026-07-30 11:51:00+00:00,27.604676182413357,-1.4257199885936434
DOGEUSDT,bull,0,2026-07-31 01:10:00+00:00,33.73941368579381,-5.642544787699544
DOGEUSDT,bull,1,2026-07-01 03:53:00+00:00,27.072276103190518,-11.051250172675608
DOGEUSDT,bull,1,2026-07-01 13:41:00+00:00,28.549237088189017,31.975531766996745
DOGEUSDT,bull,1,2026-07-01 14:11:00+00:00,33.291309288809856,27.552004408319952
DOGEUSDT,bull,1,2026-07-01 15:24:00+00:00,52.4199361177935,-14.974135583991632
DOGEUSDT,bull,1,2026-07-01 22:22:00+00:00,37.10219990420427,-48.760666395776255
DOGEUSDT,bull,1,2026-07-02 03:28:00+00:00,55.30494944236963,-4.113533525296198
DOGEUSDT,bull,1,2026-07-02 03:39:00+00:00,28.51093021941864,10.933442667759863
DOGEUSDT,bull,1,2026-07-02 12:31:00+00:00,30.468887437944403,21.548821548822428
DOGEUSDT,bull,1,2026-07-02 14:02:00+00:00,28.30572700174727,-34.55149501661037
DOGEUSDT,bull,1,2026-07-02 20:58:00+00:00,26.867003431991776,-14.838796708485091
DOGEUSDT,bull,1,2026-07-03 20:07:00+00:00,40.61448751192742,-27.079303675047186
DOGEUSDT,bull,1,2026-07-05 22:21:00+00:00,26.715837567046208,-5.103993875207324
DOGEUSDT,bull,1,2026-07-06 13:31:00+00:00,28.217796248473093,16.107382550336613
DOGEUSDT,bull,1,2026-07-06 14:24:00+00:00,34.25407190212226,19.915029208710244
DOGEUSDT,bull,1,2026-07-06 15:42:00+00:00,48.44801724784631,-14.44896886903968
DOGEUSDT,bull,1,2026-07-06 15:51:00+00:00,57.774615134125185,-2.6274303730944304
DOGEUSDT,bull,1,2026-07-06 21:10:00+00:00,76.86459278543722,-32.022543870885436
DOGEUSDT,bull,1,2026-07-08 11:44:00+00:00,41.6966873235225,8.341443069652676
DOGEUSDT,bull,1,2026-07-08 14:21:00+00:00,27.19474943381428,-19.412090959511907
DOGEUSDT,bull,1,2026-07-09 01:10:00+00:00,58.49239383936222,-2.751788662629373
DOGEUSDT,bull,1,2026-07-09 15:23:00+00:00,34.148393063979654,-20.621391256530064
DOGEUSDT,bull,1,2026-07-09 18:08:00+00:00,39.19958277361246,2.7318672312537373
DOGEUSDT,bull,1,2026-07-10 01:49:00+00:00,67.85196105052904,10.829836198726905
DOGEUSDT,bull,1,2026-07-10 08:17:00+00:00,27.48875791819927,-18.827326519634813
DOGEUSDT,bull,1,2026-07-13 00:11:00+00:00,28.891519412841404,27.122321670736138
DOGEUSDT,bull,1,2026-07-13 00:46:00+00:00,34.806715580533165,12.283335608023194
DOGEUSDT,bull,1,2026-07-14 12:31:00+00:00,94.43454551377073,19.20438957475845
DOGEUSDT,bull,1,2026-07-14 15:00:00+00:00,28.105354307950137,-5.373455131650884
DOGEUSDT,bull,1,2026-07-14 15:32:00+00:00,61.367429903746995,-17.340269441108447
DOGEUSDT,bull,1,2026-07-14 22:21:00+00:00,39.881195646120915,-13.435442697837807
DOGEUSDT,bull,1,2026-07-15 12:31:00+00:00,33.93549651660166,-6.760411032989966
DOGEUSDT,bull,1,2026-07-15 14:22:00+00:00,30.18797393563588,-6.6907533788318485
DOGEUSDT,bull,1,2026-07-17 13:58:00+00:00,26.50279290229207,18.08318264014508
DOGEUSDT,bull,1,2026-07-20 01:10:00+00:00,27.326906248390515,-26.041666666666295
DOGEUSDT,bull,1,2026-07-20 11:33:00+00:00,40.32949949003495,23.419203747072626
DOGEUSDT,bull,1,2026-07-20 15:44:00+00:00,26.67217260027499,10.948405638431247
DOGEUSDT,bull,1,2026-07-21 05:49:00+00:00,30.027381666801745,-1.370614035086648
DOGEUSDT,bull,1,2026-07-26 22:01:00+00:00,35.449889904626275,10.954402300424881
DOGEUSDT,bull,1,2026-07-28 15:21:00+00:00,29.28965667797101,36.82197988953418
DOGEUSDT,bull,1,2026-07-29 13:40:00+00:00,26.727932107082353,5.667327854916859
DOGEUSDT,bull,1,2026-07-29 18:01:00+00:00,34.416755993422754,5.640953321111031
DOGEUSDT,bull,1,2026-07-30 11:51:00+00:00,27.604676182413357,7.137758743753775
DOGEUSDT,bull,1,2026-07-31 01:10:00+00:00,33.73941368579381,-15.516998166172913
DOGEUSDT,bear,0,2026-07-01 01:11:00+00:00,-31.026591709881757,-2.812939521801283
DOGEUSDT,bear,0,2026-07-01 22:30:00+00:00,-31.393988674253137,4.093886462882557
DOGEUSDT,bear,0,2026-07-02 09:46:00+00:00,-28.830231669640938,-5.453306066802721
DOGEUSDT,bear,0,2026-07-02 13:29:00+00:00,-29.01448387039096,-25.46916890080464
DOGEUSDT,bear,0,2026-07-02 15:37:00+00:00,-32.92390846873161,-21.473627700978604
DOGEUSDT,bear,0,2026-07-02 16:16:00+00:00,-28.30381295147788,2.6878107781225236
DOGEUSDT,bear,0,2026-07-02 16:28:00+00:00,-41.67314919893528,-10.790396547073478
DOGEUSDT,bear,0,2026-07-02 19:56:00+00:00,-27.759364270956155,8.087343307724426
DOGEUSDT,bear,0,2026-07-06 11:58:00+00:00,-43.318422596954065,80.6556524001556
DOGEUSDT,bear,0,2026-07-07 14:36:00+00:00,-53.846784612563425,-22.976077848357868
DOGEUSDT,bear,0,2026-07-08 01:37:00+00:00,-38.353917266764626,-21.92081107001087
DOGEUSDT,bear,0,2026-07-08 08:17:00+00:00,-31.539099418136374,45.87155963302947
DOGEUSDT,bear,0,2026-07-08 14:46:00+00:00,-27.847441300234976,1.3986013986011514
DOGEUSDT,bear,0,2026-07-09 01:41:00+00:00,-28.967242234383406,-2.769315978952136
DOGEUSDT,bear,0,2026-07-09 14:16:00+00:00,-29.601484650374488,-6.92328994738256
DOGEUSDT,bear,0,2026-07-10 14:33:00+00:00,-51.930973410012626,-17.672648178359562
DOGEUSDT,bear,0,2026-07-11 15:38:00+00:00,-35.11933980936632,-13.315579227697327
DOGEUSDT,bear,0,2026-07-13 01:10:00+00:00,-28.47347510874343,-31.528444139821143
DOGEUSDT,bear,0,2026-07-13 01:18:00+00:00,-26.49763643745473,-9.586414680908817
DOGEUSDT,bear,0,2026-07-13 14:17:00+00:00,-32.16126099163219,-44.46297068222638
DOGEUSDT,bear,0,2026-07-13 17:37:00+00:00,-27.35732966559823,-23.869699522605092
DOGEUSDT,bear,0,2026-07-14 14:05:00+00:00,-26.779580918585566,-18.99592944369033
DOGEUSDT,bear,0,2026-07-15 13:26:00+00:00,-27.148431321784017,-16.019223067680333
DOGEUSDT,bear,0,2026-07-15 17:49:00+00:00,-29.34548200506981,-6.743997841922589
DOGEUSDT,bear,0,2026-07-20 05:13:00+00:00,-26.598701009223902,-16.727069974908915
DOGEUSDT,bear,0,2026-07-20 08:38:00+00:00,-27.438333768152745,-11.182555213866685
DOGEUSDT,bear,0,2026-07-21 17:47:00+00:00,-66.08028381320352,-49.34886908841696
DOGEUSDT,bear,0,2026-07-23 07:12:00+00:00,-35.713532972785345,-19.412090959511907
DOGEUSDT,bear,0,2026-07-27 14:21:00+00:00,-28.014515785805827,6.940588561911154
DOGEUSDT,bear,0,2026-07-27 14:31:00+00:00,-42.62263532599064,-32.25354087785792
DOGEUSDT,bear,0,2026-07-27 22:41:00+00:00,-47.31903117674463,32.33970753655946
DOGEUSDT,bear,0,2026-07-27 22:58:00+00:00,-32.55150075807123,17.02852277565059
DOGEUSDT,bear,0,2026-07-29 18:32:00+00:00,-29.90644764503614,-0.0
DOGEUSDT,bear,0,2026-07-29 19:48:00+00:00,-30.1797810916149,-8.608321377332473
DOGEUSDT,bear,0,2026-07-31 14:07:00+00:00,-41.60368785768753,-50.953559470083846
DOGEUSDT,bear,1,2026-07-01 01:11:00+00:00,-31.026591709881757,42.15259238443125
DOGEUSDT,bear,1,2026-07-01 22:30:00+00:00,-31.393988674253137,16.36214889555565
DOGEUSDT,bear,1,2026-07-02 09:46:00+00:00,-28.830231669640938,-20.46105579047941
DOGEUSDT,bear,1,2026-07-02 13:29:00+00:00,-29.01448387039096,-79.10968087959435
DOGEUSDT,bear,1,2026-07-02 15:37:00+00:00,-32.92390846873161,-13.406622871698914
DOGEUSDT,bear,1,2026-07-02 16:16:00+00:00,-28.30381295147788,12.088650100740006
DOGEUSDT,bear,1,2026-07-02 16:28:00+00:00,-41.67314919893528,-8.092797410306218
DOGEUSDT,bear,1,2026-07-02 19:56:00+00:00,-27.759364270956155,26.92514808831481
DOGEUSDT,bear,1,2026-07-06 11:58:00+00:00,-43.318422596954065,145.6436931079319
DOGEUSDT,bear,1,2026-07-07 14:36:00+00:00,-53.846784612563425,-21.656740660529472
DOGEUSDT,bear,1,2026-07-08 01:37:00+00:00,-38.353917266764626,-49.40304652120142
DOGEUSDT,bear,1,2026-07-08 08:17:00+00:00,-31.539099418136374,-11.173184357542443
DOGEUSDT,bear,1,2026-07-08 14:46:00+00:00,-27.847441300234976,-13.986013986013734
DOGEUSDT,bear,1,2026-07-09 01:41:00+00:00,-28.967242234383406,-4.154549231407678
DOGEUSDT,bear,1,2026-07-09 14:16:00+00:00,-29.601484650374488,1.3837000138361422
DOGEUSDT,bear,1,2026-07-10 14:33:00+00:00,-51.930973410012626,-17.65584680157639
DOGEUSDT,bear,1,2026-07-11 15:38:00+00:00,-35.11933980936632,-13.313806417254437
DOGEUSDT,bear,1,2026-07-13 01:10:00+00:00,-28.47347510874343,-53.41734009039811
DOGEUSDT,bear,1,2026-07-13 01:18:00+00:00,-26.49763643745473,-0.0
DOGEUSDT,bear,1,2026-07-13 14:17:00+00:00,-32.16126099163219,-4.1574279379164025
DOGEUSDT,bear,1,2026-07-13 17:37:00+00:00,-27.35732966559823,2.80229788426567
DOGEUSDT,bear,1,2026-07-14 14:05:00+00:00,-26.779580918585566,-2.7114967462038564
DOGEUSDT,bear,1,2026-07-15 13:26:00+00:00,-27.148431321784017,-25.36376985716071
DOGEUSDT,bear,1,2026-07-15 17:49:00+00:00,-29.34548200506981,-10.791852151625925
DOGEUSDT,bear,1,2026-07-20 05:13:00+00:00,-26.598701009223902,-15.318200807685756
DOGEUSDT,bear,1,2026-07-20 08:38:00+00:00,-27.438333768152745,1.3964530093557581
DOGEUSDT,bear,1,2026-07-21 17:47:00+00:00,-66.08028381320352,-34.260655063724776
DOGEUSDT,bear,1,2026-07-23 07:12:00+00:00,-35.713532972785345,-16.62971175166339
DOGEUSDT,bear,1,2026-07-27 14:21:00+00:00,-28.014515785805827,29.085872576177785
DOGEUSDT,bear,1,2026-07-27 14:31:00+00:00,-42.62263532599064,20.958502165711046
DOGEUSDT,bear,1,2026-07-27 22:41:00+00:00,-47.31903117674463,40.75895994378076
DOGEUSDT,bear,1,2026-07-27 22:58:00+00:00,-32.55150075807123,35.45093590470838
DOGEUSDT,bear,1,2026-07-29 18:32:00+00:00,-29.90644764503614,-31.27221037668715
DOGEUSDT,bear,1,2026-07-29 19:48:00+00:00,-30.1797810916149,10.021474588404189
DOGEUSDT,bear,1,2026-07-31 14:07:00+00:00,-41.60368785768753,-71.26236183827794
WIFUSDT,both,0,2026-07-01 01:11:00+00:00,-31.026591709881757,12.300123001229846
WIFUSDT,both,0,2026-07-01 03:53:00+00:00,27.072276103190518,-35.992801439711506
WIFUSDT,both,0,2026-07-01 13:41:00+00:00,28.549237088189017,11.79245283018826
WIFUSDT,both,0,2026-07-01 14:11:00+00:00,33.291309288809856,58.51375073142151
WIFUSDT,both,0,2026-07-01 15:24:00+00:00,52.4199361177935,-39.77272727272552
WIFUSDT,both,0,2026-07-01 22:22:00+00:00,37.10219990420427,-23.148148148148806
WIFUSDT,both,0,2026-07-01 22:30:00+00:00,-31.393988674253137,-5.8275058275047975
WIFUSDT,both,0,2026-07-02 03:28:00+00:00,55.30494944236963,-52.44755244755317
WIFUSDT,both,0,2026-07-02 03:39:00+00:00,28.51093021941864,40.911747516072516
WIFUSDT,both,0,2026-07-02 09:46:00+00:00,-28.830231669640938,-40.345821325649126
WIFUSDT,both,0,2026-07-02 12:31:00+00:00,30.468887437944403,-50.335570469798306
WIFUSDT,both,0,2026-07-02 13:29:00+00:00,-29.01448387039096,-28.232636928289256
WIFUSDT,both,0,2026-07-02 14:02:00+00:00,28.30572700174727,-61.5212527964204
WIFUSDT,both,0,2026-07-02 15:37:00+00:00,-32.92390846873161,5.810575246950611
WIFUSDT,both,0,2026-07-02 16:16:00+00:00,-28.30381295147788,-5.841121495329116
WIFUSDT,both,0,2026-07-02 16:28:00+00:00,-41.67314919893528,5.8445353594382965
WIFUSDT,both,0,2026-07-02 19:56:00+00:00,-27.759364270956155,-0.0
WIFUSDT,both,0,2026-07-02 20:58:00+00:00,26.867003431991776,-46.37681159420315
WIFUSDT,both,0,2026-07-03 20:07:00+00:00,40.61448751192742,22.421524663676085
WIFUSDT,both,0,2026-07-05 22:21:00+00:00,26.715837567046208,-5.599104143337863
WIFUSDT,both,0,2026-07-06 11:58:00+00:00,-43.318422596954065,122.37762237762185
WIFUSDT,both,0,2026-07-06 13:31:00+00:00,28.217796248473093,11.883541295305555
WIFUSDT,both,0,2026-07-06 14:24:00+00:00,34.25407190212226,0.0
WIFUSDT,both,0,2026-07-06 15:42:00+00:00,48.44801724784631,11.59420289855051
WIFUSDT,both,0,2026-07-06 15:51:00+00:00,57.774615134125185,17.271157167531026
WIFUSDT,both,0,2026-07-06 21:10:00+00:00,76.86459278543722,-17.142857142856684
WIFUSDT,both,0,2026-07-07 14:36:00+00:00,-53.846784612563425,23.980815347722782
WIFUSDT,both,0,2026-07-08 01:37:00+00:00,-38.353917266764626,-0.0
WIFUSDT,both,0,2026-07-08 08:17:00+00:00,-31.539099418136374,19.1448627951496
WIFUSDT,both,0,2026-07-08 11:44:00+00:00,41.6966873235225,-31.746031746031633
WIFUSDT,both,0,2026-07-08 14:21:00+00:00,27.19474943381428,0.0
WIFUSDT,both,0,2026-07-08 14:46:00+00:00,-27.847441300234976,-19.19385796545159
WIFUSDT,both,0,2026-07-09 01:10:00+00:00,58.49239383936222,-50.09392611145857
WIFUSDT,both,0,2026-07-09 01:41:00+00:00,-28.967242234383406,-12.666244458516829
WIFUSDT,both,0,2026-07-09 14:16:00+00:00,-29.601484650374488,6.285355122563896
WIFUSDT,both,0,2026-07-09 15:23:00+00:00,34.148393063979654,-12.515644555695093
WIFUSDT,both,0,2026-07-09 18:08:00+00:00,39.19958277361246,-12.500000000000844
WIFUSDT,both,0,2026-07-10 01:49:00+00:00,67.85196105052904,-43.64089775560909
WIFUSDT,both,0,2026-07-10 08:17:00+00:00,27.48875791819927,0.0
WIFUSDT,both,0,2026-07-10 14:33:00+00:00,-51.930973410012626,-31.989763275752647
WIFUSDT,both,0,2026-07-11 15:38:00+00:00,-35.11933980936632,-13.071895424836555
WIFUSDT,both,0,2026-07-13 00:11:00+00:00,28.891519412841404,13.201320132012473
WIFUSDT,both,0,2026-07-13 00:46:00+00:00,34.806715580533165,6.657789613846443
WIFUSDT,both,0,2026-07-13 01:10:00+00:00,-28.47347510874343,-13.395847287340779
WIFUSDT,both,0,2026-07-13 01:18:00+00:00,-26.49763643745473,-33.5795836131636
WIFUSDT,both,0,2026-07-13 14:17:00+00:00,-32.16126099163219,-53.333333333334124
WIFUSDT,both,0,2026-07-13 17:37:00+00:00,-27.35732966559823,-40.404040404040664
WIFUSDT,both,0,2026-07-14 12:31:00+00:00,94.43454551377073,-6.535947712417167
WIFUSDT,both,0,2026-07-14 14:05:00+00:00,-26.779580918585566,-26.24671916010346
WIFUSDT,both,0,2026-07-14 15:00:00+00:00,28.105354307950137,-19.556714471968828
WIFUSDT,both,0,2026-07-14 15:32:00+00:00,61.367429903746995,-6.5231572080881595
WIFUSDT,both,0,2026-07-14 22:21:00+00:00,39.881195646120915,-6.5231572080881595
WIFUSDT,both,0,2026-07-15 12:31:00+00:00,33.93549651660166,-32.61578604044413
WIFUSDT,both,0,2026-07-15 13:26:00+00:00,-27.148431321784017,-6.422607578675521
WIFUSDT,both,0,2026-07-15 14:22:00+00:00,30.18797393563588,-19.243104554202972
WIFUSDT,both,0,2026-07-15 17:49:00+00:00,-29.34548200506981,-6.510416666667407
WIFUSDT,both,0,2026-07-17 13:58:00+00:00,26.50279290229207,45.811518324607725
WIFUSDT,both,0,2026-07-20 01:10:00+00:00,27.326906248390515,-32.216494845360714
WIFUSDT,both,0,2026-07-20 05:13:00+00:00,-26.598701009223902,-26.560424966799445
WIFUSDT,both,0,2026-07-20 08:38:00+00:00,-27.438333768152745,-33.40013360053406
WIFUSDT,both,0,2026-07-20 11:33:00+00:00,40.32949949003495,13.306719893546592
WIFUSDT,both,0,2026-07-20 15:44:00+00:00,26.67217260027499,26.2123197902997
WIFUSDT,both,0,2026-07-21 05:49:00+00:00,30.027381666801745,-6.544502617800152
WIFUSDT,both,0,2026-07-21 17:47:00+00:00,-66.08028381320352,-52.7009222661401
WIFUSDT,both,0,2026-07-23 07:12:00+00:00,-35.713532972785345,-6.6093853271653735
WIFUSDT,both,0,2026-07-26 22:01:00+00:00,35.449889904626275,13.020833333334814
WIFUSDT,both,0,2026-07-27 14:21:00+00:00,-28.014515785805827,26.229508196720097
WIFUSDT,both,0,2026-07-27 14:31:00+00:00,-42.62263532599064,-33.26679973386648
WIFUSDT,both,0,2026-07-27 22:41:00+00:00,-47.31903117674463,20.229265003370855
WIFUSDT,both,0,2026-07-27 22:58:00+00:00,-32.55150075807123,-13.642564802183177
WIFUSDT,both,0,2026-07-28 15:21:00+00:00,29.28965667797101,80.75370121130464
WIFUSDT,both,0,2026-07-29 13:40:00+00:00,26.727932107082353,27.3972602739736
WIFUSDT,both,0,2026-07-29 18:01:00+00:00,34.416755993422754,6.83060109289535
WIFUSDT,both,0,2026-07-29 18:32:00+00:00,-29.90644764503614,20.64693737095835
WIFUSDT,both,0,2026-07-29 19:48:00+00:00,-30.1797810916149,-7.002801120448154
WIFUSDT,both,0,2026-07-30 11:51:00+00:00,27.604676182413357,-13.917884481559062
WIFUSDT,both,0,2026-07-31 01:10:00+00:00,33.73941368579381,-34.17634996582319
WIFUSDT,both,0,2026-07-31 14:07:00+00:00,-41.60368785768753,-71.27583749109156
WIFUSDT,both,1,2026-07-01 01:11:00+00:00,-31.026591709881757,55.418719211821625
WIFUSDT,both,1,2026-07-01 03:53:00+00:00,27.072276103190518,-12.01201201201263
WIFUSDT,both,1,2026-07-01 13:41:00+00:00,28.549237088189017,100.65127294256904
WIFUSDT,both,1,2026-07-01 14:11:00+00:00,33.291309288809856,58.41121495327117
WIFUSDT,both,1,2026-07-01 15:24:00+00:00,52.4199361177935,-11.402508551882073
WIFUSDT,both,1,2026-07-01 22:22:00+00:00,37.10219990420427,-63.51039260969915
WIFUSDT,both,1,2026-07-01 22:30:00+00:00,-31.393988674253137,11.641443538998875
WIFUSDT,both,1,2026-07-02 03:28:00+00:00,55.30494944236963,-23.36448598130758
WIFUSDT,both,1,2026-07-02 03:39:00+00:00,28.51093021941864,23.350846468184194
WIFUSDT,both,1,2026-07-02 09:46:00+00:00,-28.830231669640938,-69.16426512968421
WIFUSDT,both,1,2026-07-02 12:31:00+00:00,30.468887437944403,0.0
WIFUSDT,both,1,2026-07-02 13:29:00+00:00,-29.01448387039096,-107.4053137365727
WIFUSDT,both,1,2026-07-02 14:02:00+00:00,28.30572700174727,-44.767767207610774
WIFUSDT,both,1,2026-07-02 15:37:00+00:00,-32.92390846873161,11.607661056297625
WIFUSDT,both,1,2026-07-02 16:16:00+00:00,-28.30381295147788,-0.0
WIFUSDT,both,1,2026-07-02 16:28:00+00:00,-41.67314919893528,35.00583430571691
WIFUSDT,both,1,2026-07-02 19:56:00+00:00,-27.759364270956155,17.441860465116086
WIFUSDT,both,1,2026-07-02 20:58:00+00:00,26.867003431991776,-46.430644225188274
WIFUSDT,both,1,2026-07-03 20:07:00+00:00,40.61448751192742,0.0
WIFUSDT,both,1,2026-07-05 22:21:00+00:00,26.715837567046208,-27.964205816555232
WIFUSDT,both,1,2026-07-06 11:58:00+00:00,-43.318422596954065,215.49213744903818
WIFUSDT,both,1,2026-07-06 13:31:00+00:00,28.217796248473093,17.921146953405742
WIFUSDT,both,1,2026-07-06 14:24:00+00:00,34.25407190212226,23.432923257176164
WIFUSDT,both,1,2026-07-06 15:42:00+00:00,48.44801724784631,17.40139211136915
WIFUSDT,both,1,2026-07-06 15:51:00+00:00,57.774615134125185,-5.743825387709567
WIFUSDT,both,1,2026-07-06 21:10:00+00:00,76.86459278543722,-28.538812785388057
WIFUSDT,both,1,2026-07-07 14:36:00+00:00,-53.846784612563425,-6.0277275467157665
WIFUSDT,both,1,2026-07-08 01:37:00+00:00,-38.353917266764626,-37.1517027863777
WIFUSDT,both,1,2026-07-08 08:17:00+00:00,-31.539099418136374,-38.461538461538325
WIFUSDT,both,1,2026-07-08 11:44:00+00:00,41.6966873235225,0.0
WIFUSDT,both,1,2026-07-08 14:21:00+00:00,27.19474943381428,-25.316455696203775
WIFUSDT,both,1,2026-07-08 14:46:00+00:00,-27.847441300234976,-38.38771593090318
WIFUSDT,both,1,2026-07-09 01:10:00+00:00,58.49239383936222,-18.867924528301884
WIFUSDT,both,1,2026-07-09 01:41:00+00:00,-28.967242234383406,-18.999366687777464
WIFUSDT,both,1,2026-07-09 14:16:00+00:00,-29.601484650374488,12.554927809165228
WIFUSDT,both,1,2026-07-09 15:23:00+00:00,34.148393063979654,-43.80475594493171
WIFUSDT,both,1,2026-07-09 18:08:00+00:00,39.19958277361246,-18.714909544603753
WIFUSDT,both,1,2026-07-10 01:49:00+00:00,67.85196105052904,12.562814070349315
WIFUSDT,both,1,2026-07-10 08:17:00+00:00,27.48875791819927,-31.230480949406836
WIFUSDT,both,1,2026-07-10 14:33:00+00:00,-51.930973410012626,-0.0
WIFUSDT,both,1,2026-07-11 15:38:00+00:00,-35.11933980936632,-19.607843137254832
WIFUSDT,both,1,2026-07-13 00:11:00+00:00,28.891519412841404,13.210039630118242
WIFUSDT,both,1,2026-07-13 00:46:00+00:00,34.806715580533165,-6.648936170213782
WIFUSDT,both,1,2026-07-13 01:10:00+00:00,-28.47347510874343,-53.6193029490617
WIFUSDT,both,1,2026-07-13 01:18:00+00:00,-26.49763643745473,-13.413816230716247
WIFUSDT,both,1,2026-07-13 14:17:00+00:00,-32.16126099163219,-0.0
WIFUSDT,both,1,2026-07-13 17:37:00+00:00,-27.35732966559823,-26.899798251514007
WIFUSDT,both,1,2026-07-14 12:31:00+00:00,94.43454551377073,26.229508196722318
WIFUSDT,both,1,2026-07-14 14:05:00+00:00,-26.779580918585566,-19.685039370078705
WIFUSDT,both,1,2026-07-14 15:00:00+00:00,28.105354307950137,-13.063357282822041
WIFUSDT,both,1,2026-07-14 15:32:00+00:00,61.367429903746995,6.5316786414104655
WIFUSDT,both,1,2026-07-14 22:21:00+00:00,39.881195646120915,-6.5231572080881595
WIFUSDT,both,1,2026-07-15 12:31:00+00:00,33.93549651660166,-19.607843137254832
WIFUSDT,both,1,2026-07-15 13:26:00+00:00,-27.148431321784017,-12.820512820512775
WIFUSDT,both,1,2026-07-15 14:22:00+00:00,30.18797393563588,0.0
WIFUSDT,both,1,2026-07-15 17:49:00+00:00,-29.34548200506981,-6.506180871828082
WIFUSDT,both,1,2026-07-17 13:58:00+00:00,26.50279290229207,39.241334205362136
WIFUSDT,both,1,2026-07-20 01:10:00+00:00,27.326906248390515,-12.90322580645209
WIFUSDT,both,1,2026-07-20 05:13:00+00:00,-26.598701009223902,-13.245033112583293
WIFUSDT,both,1,2026-07-20 08:38:00+00:00,-27.438333768152745,13.324450366423157
WIFUSDT,both,1,2026-07-20 11:33:00+00:00,40.32949949003495,13.324450366420937
WIFUSDT,both,1,2026-07-20 15:44:00+00:00,26.67217260027499,26.195153896528822
WIFUSDT,both,1,2026-07-21 05:49:00+00:00,30.027381666801745,0.0
WIFUSDT,both,1,2026-07-21 17:47:00+00:00,-66.08028381320352,-39.49967083607619
WIFUSDT,both,1,2026-07-23 07:12:00+00:00,-35.713532972785345,-6.605019815058011
WIFUSDT,both,1,2026-07-26 22:01:00+00:00,35.449889904626275,26.09262883235486
WIFUSDT,both,1,2026-07-27 14:21:00+00:00,-28.014515785805827,32.76539973787629
WIFUSDT,both,1,2026-07-27 14:31:00+00:00,-42.62263532599064,13.271400132713884
WIFUSDT,both,1,2026-07-27 22:41:00+00:00,-47.31903117674463,40.45853000674282
WIFUSDT,both,1,2026-07-27 22:58:00+00:00,-32.55150075807123,20.408163265305255
WIFUSDT,both,1,2026-07-28 15:21:00+00:00,29.28965667797101,26.773761713518862
WIFUSDT,both,1,2026-07-29 13:40:00+00:00,26.727932107082353,13.6986301369868
WIFUSDT,both,1,2026-07-29 18:01:00+00:00,34.416755993422754,20.477815699659896
WIFUSDT,both,1,2026-07-29 18:32:00+00:00,-29.90644764503614,-20.6896551724145
WIFUSDT,both,1,2026-07-29 19:48:00+00:00,-30.1797810916149,13.976240391334604
WIFUSDT,both,1,2026-07-30 11:51:00+00:00,27.604676182413357,-20.876826722338038
WIFUSDT,both,1,2026-07-31 01:10:00+00:00,33.73941368579381,-34.24657534246589
WIFUSDT,both,1,2026-07-31 14:07:00+00:00,-41.60368785768753,-49.71590909090828
WIFUSDT,bull,0,2026-07-01 03:53:00+00:00,27.072276103190518,-35.992801439711506
WIFUSDT,bull,0,2026-07-01 13:41:00+00:00,28.549237088189017,11.79245283018826
WIFUSDT,bull,0,2026-07-01 14:11:00+00:00,33.291309288809856,58.51375073142151
WIFUSDT,bull,0,2026-07-01 15:24:00+00:00,52.4199361177935,-39.77272727272552
WIFUSDT,bull,0,2026-07-01 22:22:00+00:00,37.10219990420427,-23.148148148148806
WIFUSDT,bull,0,2026-07-02 03:28:00+00:00,55.30494944236963,-52.44755244755317
WIFUSDT,bull,0,2026-07-02 03:39:00+00:00,28.51093021941864,40.911747516072516
WIFUSDT,bull,0,2026-07-02 12:31:00+00:00,30.468887437944403,-50.335570469798306
WIFUSDT,bull,0,2026-07-02 14:02:00+00:00,28.30572700174727,-61.5212527964204
WIFUSDT,bull,0,2026-07-02 20:58:00+00:00,26.867003431991776,-46.37681159420315
WIFUSDT,bull,0,2026-07-03 20:07:00+00:00,40.61448751192742,22.421524663676085
WIFUSDT,bull,0,2026-07-05 22:21:00+00:00,26.715837567046208,-5.599104143337863
WIFUSDT,bull,0,2026-07-06 13:31:00+00:00,28.217796248473093,11.883541295305555
WIFUSDT,bull,0,2026-07-06 14:24:00+00:00,34.25407190212226,0.0
WIFUSDT,bull,0,2026-07-06 15:42:00+00:00,48.44801724784631,11.59420289855051
WIFUSDT,bull,0,2026-07-06 15:51:00+00:00,57.774615134125185,17.271157167531026
WIFUSDT,bull,0,2026-07-06 21:10:00+00:00,76.86459278543722,-17.142857142856684
WIFUSDT,bull,0,2026-07-08 11:44:00+00:00,41.6966873235225,-31.746031746031633
WIFUSDT,bull,0,2026-07-08 14:21:00+00:00,27.19474943381428,0.0
WIFUSDT,bull,0,2026-07-09 01:10:00+00:00,58.49239383936222,-50.09392611145857
WIFUSDT,bull,0,2026-07-09 15:23:00+00:00,34.148393063979654,-12.515644555695093
WIFUSDT,bull,0,2026-07-09 18:08:00+00:00,39.19958277361246,-12.500000000000844
WIFUSDT,bull,0,2026-07-10 01:49:00+00:00,67.85196105052904,-43.64089775560909
WIFUSDT,bull,0,2026-07-10 08:17:00+00:00,27.48875791819927,0.0
WIFUSDT,bull,0,2026-07-13 00:11:00+00:00,28.891519412841404,13.201320132012473
WIFUSDT,bull,0,2026-07-13 00:46:00+00:00,34.806715580533165,6.657789613846443
WIFUSDT,bull,0,2026-07-14 12:31:00+00:00,94.43454551377073,-6.535947712417167
WIFUSDT,bull,0,2026-07-14 15:00:00+00:00,28.105354307950137,-19.556714471968828
WIFUSDT,bull,0,2026-07-14 15:32:00+00:00,61.367429903746995,-6.5231572080881595
WIFUSDT,bull,0,2026-07-14 22:21:00+00:00,39.881195646120915,-6.5231572080881595
WIFUSDT,bull,0,2026-07-15 12:31:00+00:00,33.93549651660166,-32.61578604044413
WIFUSDT,bull,0,2026-07-15 14:22:00+00:00,30.18797393563588,-19.243104554202972
WIFUSDT,bull,0,2026-07-17 13:58:00+00:00,26.50279290229207,45.811518324607725
WIFUSDT,bull,0,2026-07-20 01:10:00+00:00,27.326906248390515,-32.216494845360714
WIFUSDT,bull,0,2026-07-20 11:33:00+00:00,40.32949949003495,13.306719893546592
WIFUSDT,bull,0,2026-07-20 15:44:00+00:00,26.67217260027499,26.2123197902997
WIFUSDT,bull,0,2026-07-21 05:49:00+00:00,30.027381666801745,-6.544502617800152
WIFUSDT,bull,0,2026-07-26 22:01:00+00:00,35.449889904626275,13.020833333334814
WIFUSDT,bull,0,2026-07-28 15:21:00+00:00,29.28965667797101,80.75370121130464
WIFUSDT,bull,0,2026-07-29 13:40:00+00:00,26.727932107082353,27.3972602739736
WIFUSDT,bull,0,2026-07-29 18:01:00+00:00,34.416755993422754,6.83060109289535
WIFUSDT,bull,0,2026-07-30 11:51:00+00:00,27.604676182413357,-13.917884481559062
WIFUSDT,bull,0,2026-07-31 01:10:00+00:00,33.73941368579381,-34.17634996582319
WIFUSDT,bull,1,2026-07-01 03:53:00+00:00,27.072276103190518,-12.01201201201263
WIFUSDT,bull,1,2026-07-01 13:41:00+00:00,28.549237088189017,100.65127294256904
WIFUSDT,bull,1,2026-07-01 14:11:00+00:00,33.291309288809856,58.41121495327117
WIFUSDT,bull,1,2026-07-01 15:24:00+00:00,52.4199361177935,-11.402508551882073
WIFUSDT,bull,1,2026-07-01 22:22:00+00:00,37.10219990420427,-63.51039260969915
WIFUSDT,bull,1,2026-07-02 03:28:00+00:00,55.30494944236963,-23.36448598130758
WIFUSDT,bull,1,2026-07-02 03:39:00+00:00,28.51093021941864,23.350846468184194
WIFUSDT,bull,1,2026-07-02 12:31:00+00:00,30.468887437944403,0.0
WIFUSDT,bull,1,2026-07-02 14:02:00+00:00,28.30572700174727,-44.767767207610774
WIFUSDT,bull,1,2026-07-02 20:58:00+00:00,26.867003431991776,-46.430644225188274
WIFUSDT,bull,1,2026-07-03 20:07:00+00:00,40.61448751192742,0.0
WIFUSDT,bull,1,2026-07-05 22:21:00+00:00,26.715837567046208,-27.964205816555232
WIFUSDT,bull,1,2026-07-06 13:31:00+00:00,28.217796248473093,17.921146953405742
WIFUSDT,bull,1,2026-07-06 14:24:00+00:00,34.25407190212226,23.432923257176164
WIFUSDT,bull,1,2026-07-06 15:42:00+00:00,48.44801724784631,17.40139211136915
WIFUSDT,bull,1,2026-07-06 15:51:00+00:00,57.774615134125185,-5.743825387709567
WIFUSDT,bull,1,2026-07-06 21:10:00+00:00,76.86459278543722,-28.538812785388057
WIFUSDT,bull,1,2026-07-08 11:44:00+00:00,41.6966873235225,0.0
WIFUSDT,bull,1,2026-07-08 14:21:00+00:00,27.19474943381428,-25.316455696203775
WIFUSDT,bull,1,2026-07-09 01:10:00+00:00,58.49239383936222,-18.867924528301884
WIFUSDT,bull,1,2026-07-09 15:23:00+00:00,34.148393063979654,-43.80475594493171
WIFUSDT,bull,1,2026-07-09 18:08:00+00:00,39.19958277361246,-18.714909544603753
WIFUSDT,bull,1,2026-07-10 01:49:00+00:00,67.85196105052904,12.562814070349315
WIFUSDT,bull,1,2026-07-10 08:17:00+00:00,27.48875791819927,-31.230480949406836
WIFUSDT,bull,1,2026-07-13 00:11:00+00:00,28.891519412841404,13.210039630118242
WIFUSDT,bull,1,2026-07-13 00:46:00+00:00,34.806715580533165,-6.648936170213782
WIFUSDT,bull,1,2026-07-14 12:31:00+00:00,94.43454551377073,26.229508196722318
WIFUSDT,bull,1,2026-07-14 15:00:00+00:00,28.105354307950137,-13.063357282822041
WIFUSDT,bull,1,2026-07-14 15:32:00+00:00,61.367429903746995,6.5316786414104655
WIFUSDT,bull,1,2026-07-14 22:21:00+00:00,39.881195646120915,-6.5231572080881595
WIFUSDT,bull,1,2026-07-15 12:31:00+00:00,33.93549651660166,-19.607843137254832
WIFUSDT,bull,1,2026-07-15 14:22:00+00:00,30.18797393563588,0.0
WIFUSDT,bull,1,2026-07-17 13:58:00+00:00,26.50279290229207,39.241334205362136
WIFUSDT,bull,1,2026-07-20 01:10:00+00:00,27.326906248390515,-12.90322580645209
WIFUSDT,bull,1,2026-07-20 11:33:00+00:00,40.32949949003495,13.324450366420937
WIFUSDT,bull,1,2026-07-20 15:44:00+00:00,26.67217260027499,26.195153896528822
WIFUSDT,bull,1,2026-07-21 05:49:00+00:00,30.027381666801745,0.0
WIFUSDT,bull,1,2026-07-26 22:01:00+00:00,35.449889904626275,26.09262883235486
WIFUSDT,bull,1,2026-07-28 15:21:00+00:00,29.28965667797101,26.773761713518862
WIFUSDT,bull,1,2026-07-29 13:40:00+00:00,26.727932107082353,13.6986301369868
WIFUSDT,bull,1,2026-07-29 18:01:00+00:00,34.416755993422754,20.477815699659896
WIFUSDT,bull,1,2026-07-30 11:51:00+00:00,27.604676182413357,-20.876826722338038
WIFUSDT,bull,1,2026-07-31 01:10:00+00:00,33.73941368579381,-34.24657534246589
WIFUSDT,bear,0,2026-07-01 01:11:00+00:00,-31.026591709881757,12.300123001229846
WIFUSDT,bear,0,2026-07-01 22:30:00+00:00,-31.393988674253137,-5.8275058275047975
WIFUSDT,bear,0,2026-07-02 09:46:00+00:00,-28.830231669640938,-40.345821325649126
WIFUSDT,bear,0,2026-07-02 13:29:00+00:00,-29.01448387039096,-28.232636928289256
WIFUSDT,bear,0,2026-07-02 15:37:00+00:00,-32.92390846873161,5.810575246950611
WIFUSDT,bear,0,2026-07-02 16:16:00+00:00,-28.30381295147788,-5.841121495329116
WIFUSDT,bear,0,2026-07-02 16:28:00+00:00,-41.67314919893528,5.8445353594382965
WIFUSDT,bear,0,2026-07-02 19:56:00+00:00,-27.759364270956155,-0.0
WIFUSDT,bear,0,2026-07-06 11:58:00+00:00,-43.318422596954065,122.37762237762185
WIFUSDT,bear,0,2026-07-07 14:36:00+00:00,-53.846784612563425,23.980815347722782
WIFUSDT,bear,0,2026-07-08 01:37:00+00:00,-38.353917266764626,-0.0
WIFUSDT,bear,0,2026-07-08 08:17:00+00:00,-31.539099418136374,19.1448627951496
WIFUSDT,bear,0,2026-07-08 14:46:00+00:00,-27.847441300234976,-19.19385796545159
WIFUSDT,bear,0,2026-07-09 01:41:00+00:00,-28.967242234383406,-12.666244458516829
WIFUSDT,bear,0,2026-07-09 14:16:00+00:00,-29.601484650374488,6.285355122563896
WIFUSDT,bear,0,2026-07-10 14:33:00+00:00,-51.930973410012626,-31.989763275752647
WIFUSDT,bear,0,2026-07-11 15:38:00+00:00,-35.11933980936632,-13.071895424836555
WIFUSDT,bear,0,2026-07-13 01:10:00+00:00,-28.47347510874343,-13.395847287340779
WIFUSDT,bear,0,2026-07-13 01:18:00+00:00,-26.49763643745473,-33.5795836131636
WIFUSDT,bear,0,2026-07-13 14:17:00+00:00,-32.16126099163219,-53.333333333334124
WIFUSDT,bear,0,2026-07-13 17:37:00+00:00,-27.35732966559823,-40.404040404040664
WIFUSDT,bear,0,2026-07-14 14:05:00+00:00,-26.779580918585566,-26.24671916010346
WIFUSDT,bear,0,2026-07-15 13:26:00+00:00,-27.148431321784017,-6.422607578675521
WIFUSDT,bear,0,2026-07-15 17:49:00+00:00,-29.34548200506981,-6.510416666667407
WIFUSDT,bear,0,2026-07-20 05:13:00+00:00,-26.598701009223902,-26.560424966799445
WIFUSDT,bear,0,2026-07-20 08:38:00+00:00,-27.438333768152745,-33.40013360053406
WIFUSDT,bear,0,2026-07-21 17:47:00+00:00,-66.08028381320352,-52.7009222661401
WIFUSDT,bear,0,2026-07-23 07:12:00+00:00,-35.713532972785345,-6.6093853271653735
WIFUSDT,bear,0,2026-07-27 14:21:00+00:00,-28.014515785805827,26.229508196720097
WIFUSDT,bear,0,2026-07-27 14:31:00+00:00,-42.62263532599064,-33.26679973386648
WIFUSDT,bear,0,2026-07-27 22:41:00+00:00,-47.31903117674463,20.229265003370855
WIFUSDT,bear,0,2026-07-27 22:58:00+00:00,-32.55150075807123,-13.642564802183177
WIFUSDT,bear,0,2026-07-29 18:32:00+00:00,-29.90644764503614,20.64693737095835
WIFUSDT,bear,0,2026-07-29 19:48:00+00:00,-30.1797810916149,-7.002801120448154
WIFUSDT,bear,0,2026-07-31 14:07:00+00:00,-41.60368785768753,-71.27583749109156
WIFUSDT,bear,1,2026-07-01 01:11:00+00:00,-31.026591709881757,55.418719211821625
WIFUSDT,bear,1,2026-07-01 22:30:00+00:00,-31.393988674253137,11.641443538998875
WIFUSDT,bear,1,2026-07-02 09:46:00+00:00,-28.830231669640938,-69.16426512968421
WIFUSDT,bear,1,2026-07-02 13:29:00+00:00,-29.01448387039096,-107.4053137365727
WIFUSDT,bear,1,2026-07-02 15:37:00+00:00,-32.92390846873161,11.607661056297625
WIFUSDT,bear,1,2026-07-02 16:16:00+00:00,-28.30381295147788,-0.0
WIFUSDT,bear,1,2026-07-02 16:28:00+00:00,-41.67314919893528,35.00583430571691
WIFUSDT,bear,1,2026-07-02 19:56:00+00:00,-27.759364270956155,17.441860465116086
WIFUSDT,bear,1,2026-07-06 11:58:00+00:00,-43.318422596954065,215.49213744903818
WIFUSDT,bear,1,2026-07-07 14:36:00+00:00,-53.846784612563425,-6.0277275467157665
WIFUSDT,bear,1,2026-07-08 01:37:00+00:00,-38.353917266764626,-37.1517027863777
WIFUSDT,bear,1,2026-07-08 08:17:00+00:00,-31.539099418136374,-38.461538461538325
WIFUSDT,bear,1,2026-07-08 14:46:00+00:00,-27.847441300234976,-38.38771593090318
WIFUSDT,bear,1,2026-07-09 01:41:00+00:00,-28.967242234383406,-18.999366687777464
WIFUSDT,bear,1,2026-07-09 14:16:00+00:00,-29.601484650374488,12.554927809165228
WIFUSDT,bear,1,2026-07-10 14:33:00+00:00,-51.930973410012626,-0.0
WIFUSDT,bear,1,2026-07-11 15:38:00+00:00,-35.11933980936632,-19.607843137254832
WIFUSDT,bear,1,2026-07-13 01:10:00+00:00,-28.47347510874343,-53.6193029490617
WIFUSDT,bear,1,2026-07-13 01:18:00+00:00,-26.49763643745473,-13.413816230716247
WIFUSDT,bear,1,2026-07-13 14:17:00+00:00,-32.16126099163219,-0.0
WIFUSDT,bear,1,2026-07-13 17:37:00+00:00,-27.35732966559823,-26.899798251514007
WIFUSDT,bear,1,2026-07-14 14:05:00+00:00,-26.779580918585566,-19.685039370078705
WIFUSDT,bear,1,2026-07-15 13:26:00+00:00,-27.148431321784017,-12.820512820512775
WIFUSDT,bear,1,2026-07-15 17:49:00+00:00,-29.34548200506981,-6.506180871828082
WIFUSDT,bear,1,2026-07-20 05:13:00+00:00,-26.598701009223902,-13.245033112583293
WIFUSDT,bear,1,2026-07-20 08:38:00+00:00,-27.438333768152745,13.324450366423157
WIFUSDT,bear,1,2026-07-21 17:47:00+00:00,-66.08028381320352,-39.49967083607619
WIFUSDT,bear,1,2026-07-23 07:12:00+00:00,-35.713532972785345,-6.605019815058011
WIFUSDT,bear,1,2026-07-27 14:21:00+00:00,-28.014515785805827,32.76539973787629
WIFUSDT,bear,1,2026-07-27 14:31:00+00:00,-42.62263532599064,13.271400132713884
WIFUSDT,bear,1,2026-07-27 22:41:00+00:00,-47.31903117674463,40.45853000674282
WIFUSDT,bear,1,2026-07-27 22:58:00+00:00,-32.55150075807123,20.408163265305255
WIFUSDT,bear,1,2026-07-29 18:32:00+00:00,-29.90644764503614,-20.6896551724145
WIFUSDT,bear,1,2026-07-29 19:48:00+00:00,-30.1797810916149,13.976240391334604
WIFUSDT,bear,1,2026-07-31 14:07:00+00:00,-41.60368785768753,-49.71590909090828
1000PEPEUSDT,both,0,2026-07-01 01:11:00+00:00,-31.026591709881757,25.20424126542742
1000PEPEUSDT,both,0,2026-07-01 03:53:00+00:00,27.072276103190518,-7.269617276031148
1000PEPEUSDT,both,0,2026-07-01 13:41:00+00:00,28.549237088189017,12.318521777388014
1000PEPEUSDT,both,0,2026-07-01 14:11:00+00:00,33.291309288809856,38.881607688947554
1000PEPEUSDT,both,0,2026-07-01 15:24:00+00:00,52.4199361177935,-22.441461658975204
1000PEPEUSDT,both,0,2026-07-01 22:22:00+00:00,37.10219990420427,-36.861726636787665
1000PEPEUSDT,both,0,2026-07-01 22:30:00+00:00,-31.393988674253137,-0.8473858147617364
1000PEPEUSDT,both,0,2026-07-02 03:28:00+00:00,55.30494944236963,-27.46440190983246
1000PEPEUSDT,both,0,2026-07-02 03:39:00+00:00,28.51093021941864,26.975763962064914
1000PEPEUSDT,both,0,2026-07-02 09:46:00+00:00,-28.830231669640938,-12.042689257090178
1000PEPEUSDT,both,0,2026-07-02 12:31:00+00:00,30.468887437944403,-51.53163469796662
1000PEPEUSDT,both,0,2026-07-02 13:29:00+00:00,-29.01448387039096,-34.80325922286198
1000PEPEUSDT,both,0,2026-07-02 14:02:00+00:00,28.30572700174727,-86.52607855763162
1000PEPEUSDT,both,0,2026-07-02 15:37:00+00:00,-32.92390846873161,-4.499529594632623
1000PEPEUSDT,both,0,2026-07-02 16:16:00+00:00,-28.30381295147788,-2.878052791712715
1000PEPEUSDT,both,0,2026-07-02 16:28:00+00:00,-41.67314919893528,-4.126263668249308
1000PEPEUSDT,both,0,2026-07-02 19:56:00+00:00,-27.759364270956155,12.768761841995824
1000PEPEUSDT,both,0,2026-07-02 20:58:00+00:00,26.867003431991776,-23.348216114364995
1000PEPEUSDT,both,0,2026-07-03 20:07:00+00:00,40.61448751192742,22.932273352698207
1000PEPEUSDT,both,0,2026-07-05 22:21:00+00:00,26.715837567046208,52.132701421798714
1000PEPEUSDT,both,0,2026-07-06 11:58:00+00:00,-43.318422596954065,110.6722313310482
1000PEPEUSDT,both,0,2026-07-06 13:31:00+00:00,28.217796248473093,23.224823910148462
1000PEPEUSDT,both,0,2026-07-06 14:24:00+00:00,34.25407190212226,25.975003764493465
1000PEPEUSDT,both,0,2026-07-06 15:42:00+00:00,48.44801724784631,11.791149268580714
1000PEPEUSDT,both,0,2026-07-06 15:51:00+00:00,57.774615134125185,4.760684073681354
1000PEPEUSDT,both,0,2026-07-06 21:10:00+00:00,76.86459278543722,-21.92036797470265
1000PEPEUSDT,both,0,2026-07-07 14:36:00+00:00,-53.846784612563425,-9.772231827407385
1000PEPEUSDT,both,0,2026-07-08 01:37:00+00:00,-38.353917266764626,-15.267175572519776
1000PEPEUSDT,both,0,2026-07-08 08:17:00+00:00,-31.539099418136374,41.89568359149965
1000PEPEUSDT,both,0,2026-07-08 11:44:00+00:00,41.6966873235225,-38.88953063031941
1000PEPEUSDT,both,0,2026-07-08 14:21:00+00:00,27.19474943381428,-6.53519394149038
1000PEPEUSDT,both,0,2026-07-08 14:46:00+00:00,-27.847441300234976,-17.490671641791078
1000PEPEUSDT,both,0,2026-07-09 01:10:00+00:00,58.49239383936222,-63.738025266211196
1000PEPEUSDT,both,0,2026-07-09 01:41:00+00:00,-28.967242234383406,17.025887087411817
1000PEPEUSDT,both,0,2026-07-09 14:16:00+00:00,-29.601484650374488,22.20605689344901
1000PEPEUSDT,both,0,2026-07-09 15:23:00+00:00,34.148393063979654,-12.612268297343965
1000PEPEUSDT,both,0,2026-07-09 18:08:00+00:00,39.19958277361246,3.0463424850535326
1000PEPEUSDT,both,0,2026-07-10 01:49:00+00:00,67.85196105052904,-41.09384339509914
1000PEPEUSDT,both,0,2026-07-10 08:17:00+00:00,27.48875791819927,9.377344336083393
1000PEPEUSDT,both,0,2026-07-10 14:33:00+00:00,-51.930973410012626,-29.123350291233585
1000PEPEUSDT,both,0,2026-07-11 15:38:00+00:00,-35.11933980936632,-14.014157892845436
1000PEPEUSDT,both,0,2026-07-13 00:11:00+00:00,28.891519412841404,2.1369043379149133
1000PEPEUSDT,both,0,2026-07-13 00:46:00+00:00,34.806715580533165,8.261494252872481
1000PEPEUSDT,both,0,2026-07-13 01:10:00+00:00,-28.47347510874343,-24.56381172560862
1000PEPEUSDT,both,0,2026-07-13 01:18:00+00:00,-26.49763643745473,-13.005780346819762
1000PEPEUSDT,both,0,2026-07-13 14:17:00+00:00,-32.16126099163219,-34.246575342467
1000PEPEUSDT,both,0,2026-07-13 17:37:00+00:00,-27.35732966559823,-61.04868913857642
1000PEPEUSDT,both,0,2026-07-14 12:31:00+00:00,94.43454551377073,-9.759976865240105
1000PEPEUSDT,both,0,2026-07-14 14:05:00+00:00,-26.779580918585566,-33.20285195023143
1000PEPEUSDT,both,0,2026-07-14 15:00:00+00:00,28.105354307950137,-17.1173059456442
1000PEPEUSDT,both,0,2026-07-14 15:32:00+00:00,61.367429903746995,-88.46180531464576
1000PEPEUSDT,both,0,2026-07-14 22:21:00+00:00,39.881195646120915,-20.901973287986706
1000PEPEUSDT,both,0,2026-07-15 12:31:00+00:00,33.93549651660166,-9.348482669352398
1000PEPEUSDT,both,0,2026-07-15 13:26:00+00:00,-27.148431321784017,22.71788517141715
1000PEPEUSDT,both,0,2026-07-15 14:22:00+00:00,30.18797393563588,-57.91842573531936
1000PEPEUSDT,both,0,2026-07-15 17:49:00+00:00,-29.34548200506981,-15.409424834258445
1000PEPEUSDT,both,0,2026-07-17 13:58:00+00:00,26.50279290229207,27.350680070965527
1000PEPEUSDT,both,0,2026-07-20 01:10:00+00:00,27.326906248390515,-28.052919581630363
1000PEPEUSDT,both,0,2026-07-20 05:13:00+00:00,-26.598701009223902,-23.275497249259924
1000PEPEUSDT,both,0,2026-07-20 08:38:00+00:00,-27.438333768152745,-26.66097899114872
1000PEPEUSDT,both,0,2026-07-20 11:33:00+00:00,40.32949949003495,86.62640207075079
1000PEPEUSDT,both,0,2026-07-20 15:44:00+00:00,26.67217260027499,28.540971768509227
1000PEPEUSDT,both,0,2026-07-21 05:49:00+00:00,30.027381666801745,-13.317852752355863
1000PEPEUSDT,both,0,2026-07-21 17:47:00+00:00,-66.08028381320352,-66.73421613500707
1000PEPEUSDT,both,0,2026-07-23 07:12:00+00:00,-35.713532972785345,-5.9990119274466736
1000PEPEUSDT,both,0,2026-07-26 22:01:00+00:00,35.449889904626275,-27.413022878028936
1000PEPEUSDT,both,0,2026-07-27 14:21:00+00:00,-28.014515785805827,15.47466864024738
1000PEPEUSDT,both,0,2026-07-27 14:31:00+00:00,-42.62263532599064,-25.180345719340025
1000PEPEUSDT,both,0,2026-07-27 22:41:00+00:00,-47.31903117674463,48.83153121730044
1000PEPEUSDT,both,0,2026-07-27 22:58:00+00:00,-32.55150075807123,9.183060784798691
1000PEPEUSDT,both,0,2026-07-28 15:21:00+00:00,29.28965667797101,108.43201597945607
1000PEPEUSDT,both,0,2026-07-29 13:40:00+00:00,26.727932107082353,5.836433938863905
1000PEPEUSDT,both,0,2026-07-29 18:01:00+00:00,34.416755993422754,-1.8088416178285716
1000PEPEUSDT,both,0,2026-07-29 18:32:00+00:00,-29.90644764503614,17.48761294083412
1000PEPEUSDT,both,0,2026-07-29 19:48:00+00:00,-30.1797810916149,-2.211247880887779
1000PEPEUSDT,both,0,2026-07-30 11:51:00+00:00,27.604676182413357,0.3618337735633581
1000PEPEUSDT,both,0,2026-07-31 01:10:00+00:00,33.73941368579381,-13.57579221892724
1000PEPEUSDT,both,0,2026-07-31 14:07:00+00:00,-41.60368785768753,-60.123913920153704
1000PEPEUSDT,both,1,2026-07-01 01:11:00+00:00,-31.026591709881757,85.89276418532022
1000PEPEUSDT,both,1,2026-07-01 03:53:00+00:00,27.072276103190518,-3.8497732911291216
1000PEPEUSDT,both,1,2026-07-01 13:41:00+00:00,28.549237088189017,43.179414874867646
1000PEPEUSDT,both,1,2026-07-01 14:11:00+00:00,33.291309288809856,44.06247273361919
1000PEPEUSDT,both,1,2026-07-01 15:24:00+00:00,52.4199361177935,-20.753038837829642
1000PEPEUSDT,both,1,2026-07-01 22:22:00+00:00,37.10219990420427,-76.99711260827691
1000PEPEUSDT,both,1,2026-07-01 22:30:00+00:00,-31.393988674253137,28.345390701017827
1000PEPEUSDT,both,1,2026-07-02 03:28:00+00:00,55.30494944236963,-3.384953880003483
1000PEPEUSDT,both,1,2026-07-02 03:39:00+00:00,28.51093021941864,28.210526315790574
1000PEPEUSDT,both,1,2026-07-02 09:46:00+00:00,-28.830231669640938,-31.172069825435855
1000PEPEUSDT,both,1,2026-07-02 12:31:00+00:00,30.468887437944403,13.151405556468543
1000PEPEUSDT,both,1,2026-07-02 13:29:00+00:00,-29.01448387039096,-105.6727421667003
1000PEPEUSDT,both,1,2026-07-02 14:02:00+00:00,28.30572700174727,-58.01071586834738
1000PEPEUSDT,both,1,2026-07-02 15:37:00+00:00,-32.92390846873161,-0.8174943797256695
1000PEPEUSDT,both,1,2026-07-02 16:16:00+00:00,-28.30381295147788,1.6432503491914385
1000PEPEUSDT,both,1,2026-07-02 16:28:00+00:00,-41.67314919893528,-17.364700045479076
1000PEPEUSDT,both,1,2026-07-02 19:56:00+00:00,-27.759364270956155,26.325531652336977
1000PEPEUSDT,both,1,2026-07-02 20:58:00+00:00,26.867003431991776,-18.448671695636687
1000PEPEUSDT,both,1,2026-07-03 20:07:00+00:00,40.61448751192742,-22.445408202085293
1000PEPEUSDT,both,1,2026-07-05 22:21:00+00:00,26.715837567046208,10.905918278318882
1000PEPEUSDT,both,1,2026-07-06 11:58:00+00:00,-43.318422596954065,196.28291556482603
1000PEPEUSDT,both,1,2026-07-06 13:31:00+00:00,28.217796248473093,10.686615014694478
1000PEPEUSDT,both,1,2026-07-06 14:24:00+00:00,34.25407190212226,34.67772333207719
1000PEPEUSDT,both,1,2026-07-06 15:42:00+00:00,48.44801724784631,38.74967708602295
1000PEPEUSDT,both,1,2026-07-06 15:51:00+00:00,57.774615134125185,1.4631648255170049
1000PEPEUSDT,both,1,2026-07-06 21:10:00+00:00,76.86459278543722,-20.81912487885362
1000PEPEUSDT,both,1,2026-07-07 14:36:00+00:00,-53.846784612563425,-19.221347001847633
1000PEPEUSDT,both,1,2026-07-08 01:37:00+00:00,-38.353917266764626,-37.03279502156987
1000PEPEUSDT,both,1,2026-07-08 08:17:00+00:00,-31.539099418136374,-0.3856239395361172
1000PEPEUSDT,both,1,2026-07-08 11:44:00+00:00,41.6966873235225,-18.15583111214214
1000PEPEUSDT,both,1,2026-07-08 14:21:00+00:00,27.19474943381428,-24.210283606178606
1000PEPEUSDT,both,1,2026-07-08 14:46:00+00:00,-27.847441300234976,-28.7568491819834
1000PEPEUSDT,both,1,2026-07-09 01:10:00+00:00,58.49239383936222,-20.315854032506575
1000PEPEUSDT,both,1,2026-07-09 01:41:00+00:00,-28.967242234383406,0.7746833481814264
1000PEPEUSDT,both,1,2026-07-09 14:16:00+00:00,-29.601484650374488,28.319938767699114
1000PEPEUSDT,both,1,2026-07-09 15:23:00+00:00,34.148393063979654,-34.04222766217768
1000PEPEUSDT,both,1,2026-07-09 18:08:00+00:00,39.19958277361246,-4.945222154595363
1000PEPEUSDT,both,1,2026-07-10 01:49:00+00:00,67.85196105052904,-20.266466504034184
1000PEPEUSDT,both,1,2026-07-10 08:17:00+00:00,27.48875791819927,-23.19838359649662
1000PEPEUSDT,both,1,2026-07-10 14:33:00+00:00,-51.930973410012626,-1.468051528608072
1000PEPEUSDT,both,1,2026-07-11 15:38:00+00:00,-35.11933980936632,-5.024223936838101
1000PEPEUSDT,both,1,2026-07-13 00:11:00+00:00,28.891519412841404,-3.2074126870984543
1000PEPEUSDT,both,1,2026-07-13 00:46:00+00:00,34.806715580533165,-5.024223936838101
1000PEPEUSDT,both,1,2026-07-13 01:10:00+00:00,-28.47347510874343,-61.0328638497637
1000PEPEUSDT,both,1,2026-07-13 01:18:00+00:00,-26.49763643745473,-11.557770794958788
1000PEPEUSDT,both,1,2026-07-13 14:17:00+00:00,-32.16126099163219,26.84368991910602
1000PEPEUSDT,both,1,2026-07-13 17:37:00+00:00,-27.35732966559823,-20.52315384902581
1000PEPEUSDT,both,1,2026-07-14 12:31:00+00:00,94.43454551377073,18.106757441878063
1000PEPEUSDT,both,1,2026-07-14 14:05:00+00:00,-26.779580918585566,-8.745539774714928
1000PEPEUSDT,both,1,2026-07-14 15:00:00+00:00,28.105354307950137,-8.052375450757765
1000PEPEUSDT,both,1,2026-07-14 15:32:00+00:00,61.367429903746995,-53.92617332915961
1000PEPEUSDT,both,1,2026-07-14 22:21:00+00:00,39.881195646120915,-35.354428142124746
1000PEPEUSDT,both,1,2026-07-15 12:31:00+00:00,33.93549651660166,-10.43015393468627
1000PEPEUSDT,both,1,2026-07-15 13:26:00+00:00,-27.148431321784017,-94.1022370824851
1000PEPEUSDT,both,1,2026-07-15 14:22:00+00:00,30.18797393563588,-14.69559132260212
1000PEPEUSDT,both,1,2026-07-15 17:49:00+00:00,-29.34548200506981,-12.538511141362285
1000PEPEUSDT,both,1,2026-07-17 13:58:00+00:00,26.50279290229207,12.547051442910462
1000PEPEUSDT,both,1,2026-07-20 01:10:00+00:00,27.326906248390515,-7.6280295412778365
1000PEPEUSDT,both,1,2026-07-20 05:13:00+00:00,-26.598701009223902,-14.417835917994726
1000PEPEUSDT,both,1,2026-07-20 08:38:00+00:00,-27.438333768152745,-15.256883338063965
1000PEPEUSDT,both,1,2026-07-20 11:33:00+00:00,40.32949949003495,84.60529042060739
1000PEPEUSDT,both,1,2026-07-20 15:44:00+00:00,26.67217260027499,6.520247083048325
1000PEPEUSDT,both,1,2026-07-21 05:49:00+00:00,30.027381666801745,-10.249402118209794
1000PEPEUSDT,both,1,2026-07-21 17:47:00+00:00,-66.08028381320352,-25.766913889759824
1000PEPEUSDT,both,1,2026-07-23 07:12:00+00:00,-35.713532972785345,-5.644933672028785
1000PEPEUSDT,both,1,2026-07-26 22:01:00+00:00,35.449889904626275,18.67128356587644
1000PEPEUSDT,both,1,2026-07-27 14:21:00+00:00,-28.014515785805827,22.528581035642368
1000PEPEUSDT,both,1,2026-07-27 14:31:00+00:00,-42.62263532599064,33.219212908037754
1000PEPEUSDT,both,1,2026-07-27 22:41:00+00:00,-47.31903117674463,56.406685236769505
1000PEPEUSDT,both,1,2026-07-27 22:58:00+00:00,-32.55150075807123,36.37005649717473
1000PEPEUSDT,both,1,2026-07-28 15:21:00+00:00,29.28965667797101,81.00042631803194
1000PEPEUSDT,both,1,2026-07-29 13:40:00+00:00,26.727932107082353,14.96842028403389
1000PEPEUSDT,both,1,2026-07-29 18:01:00+00:00,34.416755993422754,2.531004808909998
1000PEPEUSDT,both,1,2026-07-29 18:32:00+00:00,-29.90644764503614,-30.67596684074081
1000PEPEUSDT,both,1,2026-07-29 19:48:00+00:00,-30.1797810916149,5.153500699403013
1000PEPEUSDT,both,1,2026-07-30 11:51:00+00:00,27.604676182413357,-9.765625
1000PEPEUSDT,both,1,2026-07-31 01:10:00+00:00,33.73941368579381,-11.082907296842137
1000PEPEUSDT,both,1,2026-07-31 14:07:00+00:00,-41.60368785768753,-72.8084296794984
1000PEPEUSDT,bull,0,2026-07-01 03:53:00+00:00,27.072276103190518,-7.269617276031148
1000PEPEUSDT,bull,0,2026-07-01 13:41:00+00:00,28.549237088189017,12.318521777388014
1000PEPEUSDT,bull,0,2026-07-01 14:11:00+00:00,33.291309288809856,38.881607688947554
1000PEPEUSDT,bull,0,2026-07-01 15:24:00+00:00,52.4199361177935,-22.441461658975204
1000PEPEUSDT,bull,0,2026-07-01 22:22:00+00:00,37.10219990420427,-36.861726636787665
1000PEPEUSDT,bull,0,2026-07-02 03:28:00+00:00,55.30494944236963,-27.46440190983246
1000PEPEUSDT,bull,0,2026-07-02 03:39:00+00:00,28.51093021941864,26.975763962064914
1000PEPEUSDT,bull,0,2026-07-02 12:31:00+00:00,30.468887437944403,-51.53163469796662
1000PEPEUSDT,bull,0,2026-07-02 14:02:00+00:00,28.30572700174727,-86.52607855763162
1000PEPEUSDT,bull,0,2026-07-02 20:58:00+00:00,26.867003431991776,-23.348216114364995
1000PEPEUSDT,bull,0,2026-07-03 20:07:00+00:00,40.61448751192742,22.932273352698207
1000PEPEUSDT,bull,0,2026-07-05 22:21:00+00:00,26.715837567046208,52.132701421798714
1000PEPEUSDT,bull,0,2026-07-06 13:31:00+00:00,28.217796248473093,23.224823910148462
1000PEPEUSDT,bull,0,2026-07-06 14:24:00+00:00,34.25407190212226,25.975003764493465
1000PEPEUSDT,bull,0,2026-07-06 15:42:00+00:00,48.44801724784631,11.791149268580714
1000PEPEUSDT,bull,0,2026-07-06 15:51:00+00:00,57.774615134125185,4.760684073681354
1000PEPEUSDT,bull,0,2026-07-06 21:10:00+00:00,76.86459278543722,-21.92036797470265
1000PEPEUSDT,bull,0,2026-07-08 11:44:00+00:00,41.6966873235225,-38.88953063031941
1000PEPEUSDT,bull,0,2026-07-08 14:21:00+00:00,27.19474943381428,-6.53519394149038
1000PEPEUSDT,bull,0,2026-07-09 01:10:00+00:00,58.49239383936222,-63.738025266211196
1000PEPEUSDT,bull,0,2026-07-09 15:23:00+00:00,34.148393063979654,-12.612268297343965
1000PEPEUSDT,bull,0,2026-07-09 18:08:00+00:00,39.19958277361246,3.0463424850535326
1000PEPEUSDT,bull,0,2026-07-10 01:49:00+00:00,67.85196105052904,-41.09384339509914
1000PEPEUSDT,bull,0,2026-07-10 08:17:00+00:00,27.48875791819927,9.377344336083393
1000PEPEUSDT,bull,0,2026-07-13 00:11:00+00:00,28.891519412841404,2.1369043379149133
1000PEPEUSDT,bull,0,2026-07-13 00:46:00+00:00,34.806715580533165,8.261494252872481
1000PEPEUSDT,bull,0,2026-07-14 12:31:00+00:00,94.43454551377073,-9.759976865240105
1000PEPEUSDT,bull,0,2026-07-14 15:00:00+00:00,28.105354307950137,-17.1173059456442
1000PEPEUSDT,bull,0,2026-07-14 15:32:00+00:00,61.367429903746995,-88.46180531464576
1000PEPEUSDT,bull,0,2026-07-14 22:21:00+00:00,39.881195646120915,-20.901973287986706
1000PEPEUSDT,bull,0,2026-07-15 12:31:00+00:00,33.93549651660166,-9.348482669352398
1000PEPEUSDT,bull,0,2026-07-15 14:22:00+00:00,30.18797393563588,-57.91842573531936
1000PEPEUSDT,bull,0,2026-07-17 13:58:00+00:00,26.50279290229207,27.350680070965527
1000PEPEUSDT,bull,0,2026-07-20 01:10:00+00:00,27.326906248390515,-28.052919581630363
1000PEPEUSDT,bull,0,2026-07-20 11:33:00+00:00,40.32949949003495,86.62640207075079
1000PEPEUSDT,bull,0,2026-07-20 15:44:00+00:00,26.67217260027499,28.540971768509227
1000PEPEUSDT,bull,0,2026-07-21 05:49:00+00:00,30.027381666801745,-13.317852752355863
1000PEPEUSDT,bull,0,2026-07-26 22:01:00+00:00,35.449889904626275,-27.413022878028936
1000PEPEUSDT,bull,0,2026-07-28 15:21:00+00:00,29.28965667797101,108.43201597945607
1000PEPEUSDT,bull,0,2026-07-29 13:40:00+00:00,26.727932107082353,5.836433938863905
1000PEPEUSDT,bull,0,2026-07-29 18:01:00+00:00,34.416755993422754,-1.8088416178285716
1000PEPEUSDT,bull,0,2026-07-30 11:51:00+00:00,27.604676182413357,0.3618337735633581
1000PEPEUSDT,bull,0,2026-07-31 01:10:00+00:00,33.73941368579381,-13.57579221892724
1000PEPEUSDT,bull,1,2026-07-01 03:53:00+00:00,27.072276103190518,-3.8497732911291216
1000PEPEUSDT,bull,1,2026-07-01 13:41:00+00:00,28.549237088189017,43.179414874867646
1000PEPEUSDT,bull,1,2026-07-01 14:11:00+00:00,33.291309288809856,44.06247273361919
1000PEPEUSDT,bull,1,2026-07-01 15:24:00+00:00,52.4199361177935,-20.753038837829642
1000PEPEUSDT,bull,1,2026-07-01 22:22:00+00:00,37.10219990420427,-76.99711260827691
1000PEPEUSDT,bull,1,2026-07-02 03:28:00+00:00,55.30494944236963,-3.384953880003483
1000PEPEUSDT,bull,1,2026-07-02 03:39:00+00:00,28.51093021941864,28.210526315790574
1000PEPEUSDT,bull,1,2026-07-02 12:31:00+00:00,30.468887437944403,13.151405556468543
1000PEPEUSDT,bull,1,2026-07-02 14:02:00+00:00,28.30572700174727,-58.01071586834738
1000PEPEUSDT,bull,1,2026-07-02 20:58:00+00:00,26.867003431991776,-18.448671695636687
1000PEPEUSDT,bull,1,2026-07-03 20:07:00+00:00,40.61448751192742,-22.445408202085293
1000PEPEUSDT,bull,1,2026-07-05 22:21:00+00:00,26.715837567046208,10.905918278318882
1000PEPEUSDT,bull,1,2026-07-06 13:31:00+00:00,28.217796248473093,10.686615014694478
1000PEPEUSDT,bull,1,2026-07-06 14:24:00+00:00,34.25407190212226,34.67772333207719
1000PEPEUSDT,bull,1,2026-07-06 15:42:00+00:00,48.44801724784631,38.74967708602295
1000PEPEUSDT,bull,1,2026-07-06 15:51:00+00:00,57.774615134125185,1.4631648255170049
1000PEPEUSDT,bull,1,2026-07-06 21:10:00+00:00,76.86459278543722,-20.81912487885362
1000PEPEUSDT,bull,1,2026-07-08 11:44:00+00:00,41.6966873235225,-18.15583111214214
1000PEPEUSDT,bull,1,2026-07-08 14:21:00+00:00,27.19474943381428,-24.210283606178606
1000PEPEUSDT,bull,1,2026-07-09 01:10:00+00:00,58.49239383936222,-20.315854032506575
1000PEPEUSDT,bull,1,2026-07-09 15:23:00+00:00,34.148393063979654,-34.04222766217768
1000PEPEUSDT,bull,1,2026-07-09 18:08:00+00:00,39.19958277361246,-4.945222154595363
1000PEPEUSDT,bull,1,2026-07-10 01:49:00+00:00,67.85196105052904,-20.266466504034184
1000PEPEUSDT,bull,1,2026-07-10 08:17:00+00:00,27.48875791819927,-23.19838359649662
1000PEPEUSDT,bull,1,2026-07-13 00:11:00+00:00,28.891519412841404,-3.2074126870984543
1000PEPEUSDT,bull,1,2026-07-13 00:46:00+00:00,34.806715580533165,-5.024223936838101
1000PEPEUSDT,bull,1,2026-07-14 12:31:00+00:00,94.43454551377073,18.106757441878063
1000PEPEUSDT,bull,1,2026-07-14 15:00:00+00:00,28.105354307950137,-8.052375450757765
1000PEPEUSDT,bull,1,2026-07-14 15:32:00+00:00,61.367429903746995,-53.92617332915961
1000PEPEUSDT,bull,1,2026-07-14 22:21:00+00:00,39.881195646120915,-35.354428142124746
1000PEPEUSDT,bull,1,2026-07-15 12:31:00+00:00,33.93549651660166,-10.43015393468627
1000PEPEUSDT,bull,1,2026-07-15 14:22:00+00:00,30.18797393563588,-14.69559132260212
1000PEPEUSDT,bull,1,2026-07-17 13:58:00+00:00,26.50279290229207,12.547051442910462
1000PEPEUSDT,bull,1,2026-07-20 01:10:00+00:00,27.326906248390515,-7.6280295412778365
1000PEPEUSDT,bull,1,2026-07-20 11:33:00+00:00,40.32949949003495,84.60529042060739
1000PEPEUSDT,bull,1,2026-07-20 15:44:00+00:00,26.67217260027499,6.520247083048325
1000PEPEUSDT,bull,1,2026-07-21 05:49:00+00:00,30.027381666801745,-10.249402118209794
1000PEPEUSDT,bull,1,2026-07-26 22:01:00+00:00,35.449889904626275,18.67128356587644
1000PEPEUSDT,bull,1,2026-07-28 15:21:00+00:00,29.28965667797101,81.00042631803194
1000PEPEUSDT,bull,1,2026-07-29 13:40:00+00:00,26.727932107082353,14.96842028403389
1000PEPEUSDT,bull,1,2026-07-29 18:01:00+00:00,34.416755993422754,2.531004808909998
1000PEPEUSDT,bull,1,2026-07-30 11:51:00+00:00,27.604676182413357,-9.765625
1000PEPEUSDT,bull,1,2026-07-31 01:10:00+00:00,33.73941368579381,-11.082907296842137
1000PEPEUSDT,bear,0,2026-07-01 01:11:00+00:00,-31.026591709881757,25.20424126542742
1000PEPEUSDT,bear,0,2026-07-01 22:30:00+00:00,-31.393988674253137,-0.8473858147617364
1000PEPEUSDT,bear,0,2026-07-02 09:46:00+00:00,-28.830231669640938,-12.042689257090178
1000PEPEUSDT,bear,0,2026-07-02 13:29:00+00:00,-29.01448387039096,-34.80325922286198
1000PEPEUSDT,bear,0,2026-07-02 15:37:00+00:00,-32.92390846873161,-4.499529594632623
1000PEPEUSDT,bear,0,2026-07-02 16:16:00+00:00,-28.30381295147788,-2.878052791712715
1000PEPEUSDT,bear,0,2026-07-02 16:28:00+00:00,-41.67314919893528,-4.126263668249308
1000PEPEUSDT,bear,0,2026-07-02 19:56:00+00:00,-27.759364270956155,12.768761841995824
1000PEPEUSDT,bear,0,2026-07-06 11:58:00+00:00,-43.318422596954065,110.6722313310482
1000PEPEUSDT,bear,0,2026-07-07 14:36:00+00:00,-53.846784612563425,-9.772231827407385
1000PEPEUSDT,bear,0,2026-07-08 01:37:00+00:00,-38.353917266764626,-15.267175572519776
1000PEPEUSDT,bear,0,2026-07-08 08:17:00+00:00,-31.539099418136374,41.89568359149965
1000PEPEUSDT,bear,0,2026-07-08 14:46:00+00:00,-27.847441300234976,-17.490671641791078
1000PEPEUSDT,bear,0,2026-07-09 01:41:00+00:00,-28.967242234383406,17.025887087411817
1000PEPEUSDT,bear,0,2026-07-09 14:16:00+00:00,-29.601484650374488,22.20605689344901
1000PEPEUSDT,bear,0,2026-07-10 14:33:00+00:00,-51.930973410012626,-29.123350291233585
1000PEPEUSDT,bear,0,2026-07-11 15:38:00+00:00,-35.11933980936632,-14.014157892845436
1000PEPEUSDT,bear,0,2026-07-13 01:10:00+00:00,-28.47347510874343,-24.56381172560862
1000PEPEUSDT,bear,0,2026-07-13 01:18:00+00:00,-26.49763643745473,-13.005780346819762
1000PEPEUSDT,bear,0,2026-07-13 14:17:00+00:00,-32.16126099163219,-34.246575342467
1000PEPEUSDT,bear,0,2026-07-13 17:37:00+00:00,-27.35732966559823,-61.04868913857642
1000PEPEUSDT,bear,0,2026-07-14 14:05:00+00:00,-26.779580918585566,-33.20285195023143
1000PEPEUSDT,bear,0,2026-07-15 13:26:00+00:00,-27.148431321784017,22.71788517141715
1000PEPEUSDT,bear,0,2026-07-15 17:49:00+00:00,-29.34548200506981,-15.409424834258445
1000PEPEUSDT,bear,0,2026-07-20 05:13:00+00:00,-26.598701009223902,-23.275497249259924
1000PEPEUSDT,bear,0,2026-07-20 08:38:00+00:00,-27.438333768152745,-26.66097899114872
1000PEPEUSDT,bear,0,2026-07-21 17:47:00+00:00,-66.08028381320352,-66.73421613500707
1000PEPEUSDT,bear,0,2026-07-23 07:12:00+00:00,-35.713532972785345,-5.9990119274466736
1000PEPEUSDT,bear,0,2026-07-27 14:21:00+00:00,-28.014515785805827,15.47466864024738
1000PEPEUSDT,bear,0,2026-07-27 14:31:00+00:00,-42.62263532599064,-25.180345719340025
1000PEPEUSDT,bear,0,2026-07-27 22:41:00+00:00,-47.31903117674463,48.83153121730044
1000PEPEUSDT,bear,0,2026-07-27 22:58:00+00:00,-32.55150075807123,9.183060784798691
1000PEPEUSDT,bear,0,2026-07-29 18:32:00+00:00,-29.90644764503614,17.48761294083412
1000PEPEUSDT,bear,0,2026-07-29 19:48:00+00:00,-30.1797810916149,-2.211247880887779
1000PEPEUSDT,bear,0,2026-07-31 14:07:00+00:00,-41.60368785768753,-60.123913920153704
1000PEPEUSDT,bear,1,2026-07-01 01:11:00+00:00,-31.026591709881757,85.89276418532022
1000PEPEUSDT,bear,1,2026-07-01 22:30:00+00:00,-31.393988674253137,28.345390701017827
1000PEPEUSDT,bear,1,2026-07-02 09:46:00+00:00,-28.830231669640938,-31.172069825435855
1000PEPEUSDT,bear,1,2026-07-02 13:29:00+00:00,-29.01448387039096,-105.6727421667003
1000PEPEUSDT,bear,1,2026-07-02 15:37:00+00:00,-32.92390846873161,-0.8174943797256695
1000PEPEUSDT,bear,1,2026-07-02 16:16:00+00:00,-28.30381295147788,1.6432503491914385
1000PEPEUSDT,bear,1,2026-07-02 16:28:00+00:00,-41.67314919893528,-17.364700045479076
1000PEPEUSDT,bear,1,2026-07-02 19:56:00+00:00,-27.759364270956155,26.325531652336977
1000PEPEUSDT,bear,1,2026-07-06 11:58:00+00:00,-43.318422596954065,196.28291556482603
1000PEPEUSDT,bear,1,2026-07-07 14:36:00+00:00,-53.846784612563425,-19.221347001847633
1000PEPEUSDT,bear,1,2026-07-08 01:37:00+00:00,-38.353917266764626,-37.03279502156987
1000PEPEUSDT,bear,1,2026-07-08 08:17:00+00:00,-31.539099418136374,-0.3856239395361172
1000PEPEUSDT,bear,1,2026-07-08 14:46:00+00:00,-27.847441300234976,-28.7568491819834
1000PEPEUSDT,bear,1,2026-07-09 01:41:00+00:00,-28.967242234383406,0.7746833481814264
1000PEPEUSDT,bear,1,2026-07-09 14:16:00+00:00,-29.601484650374488,28.319938767699114
1000PEPEUSDT,bear,1,2026-07-10 14:33:00+00:00,-51.930973410012626,-1.468051528608072
1000PEPEUSDT,bear,1,2026-07-11 15:38:00+00:00,-35.11933980936632,-5.024223936838101
1000PEPEUSDT,bear,1,2026-07-13 01:10:00+00:00,-28.47347510874343,-61.0328638497637
1000PEPEUSDT,bear,1,2026-07-13 01:18:00+00:00,-26.49763643745473,-11.557770794958788
1000PEPEUSDT,bear,1,2026-07-13 14:17:00+00:00,-32.16126099163219,26.84368991910602
1000PEPEUSDT,bear,1,2026-07-13 17:37:00+00:00,-27.35732966559823,-20.52315384902581
1000PEPEUSDT,bear,1,2026-07-14 14:05:00+00:00,-26.779580918585566,-8.745539774714928
1000PEPEUSDT,bear,1,2026-07-15 13:26:00+00:00,-27.148431321784017,-94.1022370824851
1000PEPEUSDT,bear,1,2026-07-15 17:49:00+00:00,-29.34548200506981,-12.538511141362285
1000PEPEUSDT,bear,1,2026-07-20 05:13:00+00:00,-26.598701009223902,-14.417835917994726
1000PEPEUSDT,bear,1,2026-07-20 08:38:00+00:00,-27.438333768152745,-15.256883338063965
1000PEPEUSDT,bear,1,2026-07-21 17:47:00+00:00,-66.08028381320352,-25.766913889759824
1000PEPEUSDT,bear,1,2026-07-23 07:12:00+00:00,-35.713532972785345,-5.644933672028785
1000PEPEUSDT,bear,1,2026-07-27 14:21:00+00:00,-28.014515785805827,22.528581035642368
1000PEPEUSDT,bear,1,2026-07-27 14:31:00+00:00,-42.62263532599064,33.219212908037754
1000PEPEUSDT,bear,1,2026-07-27 22:41:00+00:00,-47.31903117674463,56.406685236769505
1000PEPEUSDT,bear,1,2026-07-27 22:58:00+00:00,-32.55150075807123,36.37005649717473
1000PEPEUSDT,bear,1,2026-07-29 18:32:00+00:00,-29.90644764503614,-30.67596684074081
1000PEPEUSDT,bear,1,2026-07-29 19:48:00+00:00,-30.1797810916149,5.153500699403013
1000PEPEUSDT,bear,1,2026-07-31 14:07:00+00:00,-41.60368785768753,-72.8084296794984
1000BONKUSDT,both,0,2026-07-01 01:11:00+00:00,-31.026591709881757,24.6002460024608
1000BONKUSDT,both,0,2026-07-01 03:53:00+00:00,27.072276103190518,14.34034416825991
1000BONKUSDT,both,0,2026-07-01 13:41:00+00:00,28.549237088189017,9.557945041815952
1000BONKUSDT,both,0,2026-07-01 14:11:00+00:00,33.291309288809856,28.35538752363087
1000BONKUSDT,both,0,2026-07-01 15:24:00+00:00,52.4199361177935,-27.35978112175075
1000BONKUSDT,both,0,2026-07-01 22:22:00+00:00,37.10219990420427,-25.06836827712022
1000BONKUSDT,both,0,2026-07-01 22:30:00+00:00,-31.393988674253137,55.22319374137052
1000BONKUSDT,both,0,2026-07-02 03:28:00+00:00,55.30494944236963,-41.560840452551375
1000BONKUSDT,both,0,2026-07-02 03:39:00+00:00,28.51093021941864,11.566042100394913
1000BONKUSDT,both,0,2026-07-02 09:46:00+00:00,-28.830231669640938,-20.920502092049986
1000BONKUSDT,both,0,2026-07-02 12:31:00+00:00,30.468887437944403,-40.76086956521729
1000BONKUSDT,both,0,2026-07-02 13:29:00+00:00,-29.01448387039096,-20.431328036323304
1000BONKUSDT,both,0,2026-07-02 14:02:00+00:00,28.30572700174727,-47.500565482920805
1000BONKUSDT,both,0,2026-07-02 15:37:00+00:00,-32.92390846873161,-6.931608133085021
1000BONKUSDT,both,0,2026-07-02 16:16:00+00:00,-28.30381295147788,11.584800741428758
1000BONKUSDT,both,0,2026-07-02 16:28:00+00:00,-41.67314919893528,-11.63331782224386
1000BONKUSDT,both,0,2026-07-02 19:56:00+00:00,-27.759364270956155,4.626416840155523
1000BONKUSDT,both,0,2026-07-02 20:58:00+00:00,26.867003431991776,-30.06475485661464
1000BONKUSDT,both,0,2026-07-03 20:07:00+00:00,40.61448751192742,6.577504933129585
1000BONKUSDT,both,0,2026-07-05 22:21:00+00:00,26.715837567046208,57.54212905877631
1000BONKUSDT,both,0,2026-07-06 11:58:00+00:00,-43.318422596954065,115.83011583011671
1000BONKUSDT,both,0,2026-07-06 13:31:00+00:00,28.217796248473093,2.178649237472019
1000BONKUSDT,both,0,2026-07-06 14:24:00+00:00,34.25407190212226,2.14730513205863
1000BONKUSDT,both,0,2026-07-06 15:42:00+00:00,48.44801724784631,-27.765912003416826
1000BONKUSDT,both,0,2026-07-06 15:51:00+00:00,57.774615134125185,29.86348122866689
1000BONKUSDT,both,0,2026-07-06 21:10:00+00:00,76.86459278543722,-37.61061946902622
1000BONKUSDT,both,0,2026-07-07 14:36:00+00:00,-53.846784612563425,-9.465215333650523
1000BONKUSDT,both,0,2026-07-08 01:37:00+00:00,-38.353917266764626,4.889975550123049
1000BONKUSDT,both,0,2026-07-08 08:17:00+00:00,-31.539099418136374,-0.0
1000BONKUSDT,both,0,2026-07-08 11:44:00+00:00,41.6966873235225,17.690169320192517
1000BONKUSDT,both,0,2026-07-08 14:21:00+00:00,27.19474943381428,-2.4648755237866027
1000BONKUSDT,both,0,2026-07-08 14:46:00+00:00,-27.847441300234976,-4.962779156327812
1000BONKUSDT,both,0,2026-07-09 01:10:00+00:00,58.49239383936222,-74.31260837255316
1000BONKUSDT,both,0,2026-07-09 01:41:00+00:00,-28.967242234383406,10.022550739162694
1000BONKUSDT,both,0,2026-07-09 14:16:00+00:00,-29.601484650374488,4.966476285076515
1000BONKUSDT,both,0,2026-07-09 15:23:00+00:00,34.148393063979654,-9.918175055790845
1000BONKUSDT,both,0,2026-07-09 18:08:00+00:00,39.19958277361246,-12.379301807377008
1000BONKUSDT,both,0,2026-07-10 01:49:00+00:00,67.85196105052904,-7.433102081267906
1000BONKUSDT,both,0,2026-07-10 08:17:00+00:00,27.48875791819927,24.869435463814593
1000BONKUSDT,both,0,2026-07-10 14:33:00+00:00,-51.930973410012626,-42.02719406674716
1000BONKUSDT,both,0,2026-07-11 15:38:00+00:00,-35.11933980936632,-0.0
1000BONKUSDT,both,0,2026-07-13 00:11:00+00:00,28.891519412841404,7.4441687344917185
1000BONKUSDT,both,0,2026-07-13 00:46:00+00:00,34.806715580533165,5.013787916769985
1000BONKUSDT,both,0,2026-07-13 01:10:00+00:00,-28.47347510874343,-35.273368606703045
1000BONKUSDT,both,0,2026-07-13 01:18:00+00:00,-26.49763643745473,-17.61006289308087
1000BONKUSDT,both,0,2026-07-13 14:17:00+00:00,-32.16126099163219,-64.15191172697065
1000BONKUSDT,both,0,2026-07-13 17:37:00+00:00,-27.35732966559823,-29.419630917357775
1000BONKUSDT,both,0,2026-07-14 12:31:00+00:00,94.43454551377073,30.800821355236874
1000BONKUSDT,both,0,2026-07-14 14:05:00+00:00,-26.779580918585566,-15.32175689479054
1000BONKUSDT,both,0,2026-07-14 15:00:00+00:00,28.105354307950137,10.204081632654294
1000BONKUSDT,both,0,2026-07-14 15:32:00+00:00,61.367429903746995,-32.919726513040985
1000BONKUSDT,both,0,2026-07-14 22:21:00+00:00,39.881195646120915,-2.6322716504334487
1000BONKUSDT,both,0,2026-07-15 12:31:00+00:00,33.93549651660166,-5.317734645040595
1000BONKUSDT,both,0,2026-07-15 13:26:00+00:00,-27.148431321784017,-18.36306400839538
1000BONKUSDT,both,0,2026-07-15 14:22:00+00:00,30.18797393563588,-18.479408658923504
1000BONKUSDT,both,0,2026-07-15 17:49:00+00:00,-29.34548200506981,-18.67662753468613
1000BONKUSDT,both,0,2026-07-17 13:58:00+00:00,26.50279290229207,40.57428214731651
1000BONKUSDT,both,0,2026-07-20 01:10:00+00:00,27.326906248390515,-57.18370264474637
1000BONKUSDT,both,0,2026-07-20 05:13:00+00:00,-26.598701009223902,-51.076249543962064
1000BONKUSDT,both,0,2026-07-20 08:38:00+00:00,-27.438333768152745,-45.37521815008772
1000BONKUSDT,both,0,2026-07-20 11:33:00+00:00,40.32949949003495,0.0
1000BONKUSDT,both,0,2026-07-20 15:44:00+00:00,26.67217260027499,-6.514657980455363
1000BONKUSDT,both,0,2026-07-21 05:49:00+00:00,30.027381666801745,9.661835748793202
1000BONKUSDT,both,0,2026-07-21 17:47:00+00:00,-66.08028381320352,-69.2383778437189
1000BONKUSDT,both,0,2026-07-23 07:12:00+00:00,-35.713532972785345,-13.550135501354532
1000BONKUSDT,both,0,2026-07-26 22:01:00+00:00,35.449889904626275,12.907389480476539
1000BONKUSDT,both,0,2026-07-27 14:21:00+00:00,-28.014515785805827,19.607843137254832
1000BONKUSDT,both,0,2026-07-27 14:31:00+00:00,-42.62263532599064,16.589250165893745
1000BONKUSDT,both,0,2026-07-27 22:41:00+00:00,-47.31903117674463,138.04713804713708
1000BONKUSDT,both,0,2026-07-27 22:58:00+00:00,-32.55150075807123,-3.447087211307931
1000BONKUSDT,both,0,2026-07-28 15:21:00+00:00,29.28965667797101,125.85034013605556
1000BONKUSDT,both,0,2026-07-29 13:40:00+00:00,26.727932107082353,3.395585738539264
1000BONKUSDT,both,0,2026-07-29 18:01:00+00:00,34.416755993422754,23.74491180461291
1000BONKUSDT,both,0,2026-07-29 18:32:00+00:00,-29.90644764503614,30.54989816700604
1000BONKUSDT,both,0,2026-07-29 19:48:00+00:00,-30.1797810916149,3.477051460362146
1000BONKUSDT,both,0,2026-07-30 11:51:00+00:00,27.604676182413357,-6.814310051108663
1000BONKUSDT,both,0,2026-07-31 01:10:00+00:00,33.73941368579381,-10.166045408336322
1000BONKUSDT,both,0,2026-07-31 14:07:00+00:00,-41.60368785768753,-54.387237128352695
1000BONKUSDT,both,1,2026-07-01 01:11:00+00:00,-31.026591709881757,86.05851979346046
1000BONKUSDT,both,1,2026-07-01 03:53:00+00:00,27.072276103190518,14.34377241214424
1000BONKUSDT,both,1,2026-07-01 13:41:00+00:00,28.549237088189017,33.48481224587418
1000BONKUSDT,both,1,2026-07-01 14:11:00+00:00,33.291309288809856,106.18216139688607
1000BONKUSDT,both,1,2026-07-01 15:24:00+00:00,52.4199361177935,-4.568296025583285
1000BONKUSDT,both,1,2026-07-01 22:22:00+00:00,37.10219990420427,-61.433447098974135
1000BONKUSDT,both,1,2026-07-01 22:30:00+00:00,-31.393988674253137,110.37020004598608
1000BONKUSDT,both,1,2026-07-02 03:28:00+00:00,55.30494944236963,-11.576753878211887
1000BONKUSDT,both,1,2026-07-02 03:39:00+00:00,28.51093021941864,11.563367252545032
1000BONKUSDT,both,1,2026-07-02 09:46:00+00:00,-28.830231669640938,-37.20065101139092
1000BONKUSDT,both,1,2026-07-02 12:31:00+00:00,30.468887437944403,18.20664542557804
1000BONKUSDT,both,1,2026-07-02 13:29:00+00:00,-29.01448387039096,-79.50931394820503
1000BONKUSDT,both,1,2026-07-02 14:02:00+00:00,28.30572700174727,-29.41176470588225
1000BONKUSDT,both,1,2026-07-02 15:37:00+00:00,-32.92390846873161,9.227220299885541
1000BONKUSDT,both,1,2026-07-02 16:16:00+00:00,-28.30381295147788,9.265693768820693
1000BONKUSDT,both,1,2026-07-02 16:28:00+00:00,-41.67314919893528,-4.6522447080721285
1000BONKUSDT,both,1,2026-07-02 19:56:00+00:00,-27.759364270956155,27.7328403050614
1000BONKUSDT,both,1,2026-07-02 20:58:00+00:00,26.867003431991776,-11.587485515645035
1000BONKUSDT,both,1,2026-07-03 20:07:00+00:00,40.61448751192742,-17.497812773401566
1000BONKUSDT,both,1,2026-07-05 22:21:00+00:00,26.715837567046208,18.461538461538307
1000BONKUSDT,both,1,2026-07-06 11:58:00+00:00,-43.318422596954065,184.7079037800692
1000BONKUSDT,both,1,2026-07-06 13:31:00+00:00,28.217796248473093,4.375410194703555
1000BONKUSDT,both,1,2026-07-06 14:24:00+00:00,34.25407190212226,10.759629868732912
1000BONKUSDT,both,1,2026-07-06 15:42:00+00:00,48.44801724784631,-23.489216314327432
1000BONKUSDT,both,1,2026-07-06 15:51:00+00:00,57.774615134125185,10.64509261230473
1000BONKUSDT,both,1,2026-07-06 21:10:00+00:00,76.86459278543722,-94.60946094609568
1000BONKUSDT,both,1,2026-07-07 14:36:00+00:00,-53.846784612563425,-30.864197530864335
1000BONKUSDT,both,1,2026-07-08 01:37:00+00:00,-38.353917266764626,-39.206076941924465
1000BONKUSDT,both,1,2026-07-08 08:17:00+00:00,-31.539099418136374,-55.55555555555536
1000BONKUSDT,both,1,2026-07-08 11:44:00+00:00,41.6966873235225,-5.0658561296867965
1000BONKUSDT,both,1,2026-07-08 14:21:00+00:00,27.19474943381428,-24.63661000246531
1000BONKUSDT,both,1,2026-07-08 14:46:00+00:00,-27.847441300234976,-17.36541801041991
1000BONKUSDT,both,1,2026-07-09 01:10:00+00:00,58.49239383936222,-39.781203381403785
1000BONKUSDT,both,1,2026-07-09 01:41:00+00:00,-28.967242234383406,-2.5100401606437117
1000BONKUSDT,both,1,2026-07-09 14:16:00+00:00,-29.601484650374488,7.446016381235099
1000BONKUSDT,both,1,2026-07-09 15:23:00+00:00,34.148393063979654,-17.38266699776503
1000BONKUSDT,both,1,2026-07-09 18:08:00+00:00,39.19958277361246,-4.9529470034681555
1000BONKUSDT,both,1,2026-07-10 01:49:00+00:00,67.85196105052904,4.972650422674363
1000BONKUSDT,both,1,2026-07-10 08:17:00+00:00,27.48875791819927,4.965243296919386
1000BONKUSDT,both,1,2026-07-10 14:33:00+00:00,-51.930973410012626,-22.18934911242698
1000BONKUSDT,both,1,2026-07-11 15:38:00+00:00,-35.11933980936632,-12.168410805548646
1000BONKUSDT,both,1,2026-07-13 00:11:00+00:00,28.891519412841404,19.875776397515477
1000BONKUSDT,both,1,2026-07-13 00:46:00+00:00,34.806715580533165,-7.5093867334175
1000BONKUSDT,both,1,2026-07-13 01:10:00+00:00,-28.47347510874343,-65.47469151347185
1000BONKUSDT,both,1,2026-07-13 01:18:00+00:00,-26.49763643745473,-10.05783253708925
1000BONKUSDT,both,1,2026-07-13 14:17:00+00:00,-32.16126099163219,-23.02379125095788
1000BONKUSDT,both,1,2026-07-13 17:37:00+00:00,-27.35732966559823,-13.34400854016593
1000BONKUSDT,both,1,2026-07-14 12:31:00+00:00,94.43454551377073,25.687130747493736
1000BONKUSDT,both,1,2026-07-14 14:05:00+00:00,-26.779580918585566,10.206685378922886
1000BONKUSDT,both,1,2026-07-14 15:00:00+00:00,28.105354307950137,7.655014034193552
1000BONKUSDT,both,1,2026-07-14 15:32:00+00:00,61.367429903746995,-5.073566717402889
1000BONKUSDT,both,1,2026-07-14 22:21:00+00:00,39.881195646120915,-13.150973172014746
1000BONKUSDT,both,1,2026-07-15 12:31:00+00:00,33.93549651660166,5.320563979780424
1000BONKUSDT,both,1,2026-07-15 13:26:00+00:00,-27.148431321784017,-10.476689366158976
1000BONKUSDT,both,1,2026-07-15 14:22:00+00:00,30.18797393563588,2.642706131079642
1000BONKUSDT,both,1,2026-07-15 17:49:00+00:00,-29.34548200506981,-5.329070077271236
1000BONKUSDT,both,1,2026-07-17 13:58:00+00:00,26.50279290229207,34.27859146151402
1000BONKUSDT,both,1,2026-07-20 01:10:00+00:00,27.326906248390515,-46.51162790697661
1000BONKUSDT,both,1,2026-07-20 05:13:00+00:00,-26.598701009223902,-32.70348837209225
1000BONKUSDT,both,1,2026-07-20 08:38:00+00:00,-27.438333768152745,-6.934812760055475
1000BONKUSDT,both,1,2026-07-20 11:33:00+00:00,40.32949949003495,19.717384160367057
1000BONKUSDT,both,1,2026-07-20 15:44:00+00:00,26.67217260027499,-61.62828413882604
1000BONKUSDT,both,1,2026-07-21 05:49:00+00:00,30.027381666801745,19.311232700354175
1000BONKUSDT,both,1,2026-07-21 17:47:00+00:00,-66.08028381320352,-36.21995390187705
1000BONKUSDT,both,1,2026-07-23 07:12:00+00:00,-35.713532972785345,-3.3932813030213005
1000BONKUSDT,both,1,2026-07-26 22:01:00+00:00,35.449889904626275,22.60981912144633
1000BONKUSDT,both,1,2026-07-27 14:21:00+00:00,-28.014515785805827,32.62642740619937
1000BONKUSDT,both,1,2026-07-27 14:31:00+00:00,-42.62263532599064,59.58291956305817
1000BONKUSDT,both,1,2026-07-27 22:41:00+00:00,-47.31903117674463,131.57894736842147
1000BONKUSDT,both,1,2026-07-27 22:58:00+00:00,-32.55150075807123,41.25128910278497
1000BONKUSDT,both,1,2026-07-28 15:21:00+00:00,29.28965667797101,91.3396481732076
1000BONKUSDT,both,1,2026-07-29 13:40:00+00:00,26.727932107082353,10.197144799455327
1000BONKUSDT,both,1,2026-07-29 18:01:00+00:00,34.416755993422754,6.76361176868312
1000BONKUSDT,both,1,2026-07-29 18:32:00+00:00,-29.90644764503614,-10.204081632652073
1000BONKUSDT,both,1,2026-07-29 19:48:00+00:00,-30.1797810916149,17.35508503991623
1000BONKUSDT,both,1,2026-07-30 11:51:00+00:00,27.604676182413357,-20.442930153321548
1000BONKUSDT,both,1,2026-07-31 01:10:00+00:00,33.73941368579381,-6.781959986436048
1000BONKUSDT,both,1,2026-07-31 14:07:00+00:00,-41.60368785768753,-61.571894241216896
1000BONKUSDT,bull,0,2026-07-01 03:53:00+00:00,27.072276103190518,14.34034416825991
1000BONKUSDT,bull,0,2026-07-01 13:41:00+00:00,28.549237088189017,9.557945041815952
1000BONKUSDT,bull,0,2026-07-01 14:11:00+00:00,33.291309288809856,28.35538752363087
1000BONKUSDT,bull,0,2026-07-01 15:24:00+00:00,52.4199361177935,-27.35978112175075
1000BONKUSDT,bull,0,2026-07-01 22:22:00+00:00,37.10219990420427,-25.06836827712022
1000BONKUSDT,bull,0,2026-07-02 03:28:00+00:00,55.30494944236963,-41.560840452551375
1000BONKUSDT,bull,0,2026-07-02 03:39:00+00:00,28.51093021941864,11.566042100394913
1000BONKUSDT,bull,0,2026-07-02 12:31:00+00:00,30.468887437944403,-40.76086956521729
1000BONKUSDT,bull,0,2026-07-02 14:02:00+00:00,28.30572700174727,-47.500565482920805
1000BONKUSDT,bull,0,2026-07-02 20:58:00+00:00,26.867003431991776,-30.06475485661464
1000BONKUSDT,bull,0,2026-07-03 20:07:00+00:00,40.61448751192742,6.577504933129585
1000BONKUSDT,bull,0,2026-07-05 22:21:00+00:00,26.715837567046208,57.54212905877631
1000BONKUSDT,bull,0,2026-07-06 13:31:00+00:00,28.217796248473093,2.178649237472019
1000BONKUSDT,bull,0,2026-07-06 14:24:00+00:00,34.25407190212226,2.14730513205863
1000BONKUSDT,bull,0,2026-07-06 15:42:00+00:00,48.44801724784631,-27.765912003416826
1000BONKUSDT,bull,0,2026-07-06 15:51:00+00:00,57.774615134125185,29.86348122866689
1000BONKUSDT,bull,0,2026-07-06 21:10:00+00:00,76.86459278543722,-37.61061946902622
1000BONKUSDT,bull,0,2026-07-08 11:44:00+00:00,41.6966873235225,17.690169320192517
1000BONKUSDT,bull,0,2026-07-08 14:21:00+00:00,27.19474943381428,-2.4648755237866027
1000BONKUSDT,bull,0,2026-07-09 01:10:00+00:00,58.49239383936222,-74.31260837255316
1000BONKUSDT,bull,0,2026-07-09 15:23:00+00:00,34.148393063979654,-9.918175055790845
1000BONKUSDT,bull,0,2026-07-09 18:08:00+00:00,39.19958277361246,-12.379301807377008
1000BONKUSDT,bull,0,2026-07-10 01:49:00+00:00,67.85196105052904,-7.433102081267906
1000BONKUSDT,bull,0,2026-07-10 08:17:00+00:00,27.48875791819927,24.869435463814593
1000BONKUSDT,bull,0,2026-07-13 00:11:00+00:00,28.891519412841404,7.4441687344917185
1000BONKUSDT,bull,0,2026-07-13 00:46:00+00:00,34.806715580533165,5.013787916769985
1000BONKUSDT,bull,0,2026-07-14 12:31:00+00:00,94.43454551377073,30.800821355236874
1000BONKUSDT,bull,0,2026-07-14 15:00:00+00:00,28.105354307950137,10.204081632654294
1000BONKUSDT,bull,0,2026-07-14 15:32:00+00:00,61.367429903746995,-32.919726513040985
1000BONKUSDT,bull,0,2026-07-14 22:21:00+00:00,39.881195646120915,-2.6322716504334487
1000BONKUSDT,bull,0,2026-07-15 12:31:00+00:00,33.93549651660166,-5.317734645040595
1000BONKUSDT,bull,0,2026-07-15 14:22:00+00:00,30.18797393563588,-18.479408658923504
1000BONKUSDT,bull,0,2026-07-17 13:58:00+00:00,26.50279290229207,40.57428214731651
1000BONKUSDT,bull,0,2026-07-20 01:10:00+00:00,27.326906248390515,-57.18370264474637
1000BONKUSDT,bull,0,2026-07-20 11:33:00+00:00,40.32949949003495,0.0
1000BONKUSDT,bull,0,2026-07-20 15:44:00+00:00,26.67217260027499,-6.514657980455363
1000BONKUSDT,bull,0,2026-07-21 05:49:00+00:00,30.027381666801745,9.661835748793202
1000BONKUSDT,bull,0,2026-07-26 22:01:00+00:00,35.449889904626275,12.907389480476539
1000BONKUSDT,bull,0,2026-07-28 15:21:00+00:00,29.28965667797101,125.85034013605556
1000BONKUSDT,bull,0,2026-07-29 13:40:00+00:00,26.727932107082353,3.395585738539264
1000BONKUSDT,bull,0,2026-07-29 18:01:00+00:00,34.416755993422754,23.74491180461291
1000BONKUSDT,bull,0,2026-07-30 11:51:00+00:00,27.604676182413357,-6.814310051108663
1000BONKUSDT,bull,0,2026-07-31 01:10:00+00:00,33.73941368579381,-10.166045408336322
1000BONKUSDT,bull,1,2026-07-01 03:53:00+00:00,27.072276103190518,14.34377241214424
1000BONKUSDT,bull,1,2026-07-01 13:41:00+00:00,28.549237088189017,33.48481224587418
1000BONKUSDT,bull,1,2026-07-01 14:11:00+00:00,33.291309288809856,106.18216139688607
1000BONKUSDT,bull,1,2026-07-01 15:24:00+00:00,52.4199361177935,-4.568296025583285
1000BONKUSDT,bull,1,2026-07-01 22:22:00+00:00,37.10219990420427,-61.433447098974135
1000BONKUSDT,bull,1,2026-07-02 03:28:00+00:00,55.30494944236963,-11.576753878211887
1000BONKUSDT,bull,1,2026-07-02 03:39:00+00:00,28.51093021941864,11.563367252545032
1000BONKUSDT,bull,1,2026-07-02 12:31:00+00:00,30.468887437944403,18.20664542557804
1000BONKUSDT,bull,1,2026-07-02 14:02:00+00:00,28.30572700174727,-29.41176470588225
1000BONKUSDT,bull,1,2026-07-02 20:58:00+00:00,26.867003431991776,-11.587485515645035
1000BONKUSDT,bull,1,2026-07-03 20:07:00+00:00,40.61448751192742,-17.497812773401566
1000BONKUSDT,bull,1,2026-07-05 22:21:00+00:00,26.715837567046208,18.461538461538307
1000BONKUSDT,bull,1,2026-07-06 13:31:00+00:00,28.217796248473093,4.375410194703555
1000BONKUSDT,bull,1,2026-07-06 14:24:00+00:00,34.25407190212226,10.759629868732912
1000BONKUSDT,bull,1,2026-07-06 15:42:00+00:00,48.44801724784631,-23.489216314327432
1000BONKUSDT,bull,1,2026-07-06 15:51:00+00:00,57.774615134125185,10.64509261230473
1000BONKUSDT,bull,1,2026-07-06 21:10:00+00:00,76.86459278543722,-94.60946094609568
1000BONKUSDT,bull,1,2026-07-08 11:44:00+00:00,41.6966873235225,-5.0658561296867965
1000BONKUSDT,bull,1,2026-07-08 14:21:00+00:00,27.19474943381428,-24.63661000246531
1000BONKUSDT,bull,1,2026-07-09 01:10:00+00:00,58.49239383936222,-39.781203381403785
1000BONKUSDT,bull,1,2026-07-09 15:23:00+00:00,34.148393063979654,-17.38266699776503
1000BONKUSDT,bull,1,2026-07-09 18:08:00+00:00,39.19958277361246,-4.9529470034681555
1000BONKUSDT,bull,1,2026-07-10 01:49:00+00:00,67.85196105052904,4.972650422674363
1000BONKUSDT,bull,1,2026-07-10 08:17:00+00:00,27.48875791819927,4.965243296919386
1000BONKUSDT,bull,1,2026-07-13 00:11:00+00:00,28.891519412841404,19.875776397515477
1000BONKUSDT,bull,1,2026-07-13 00:46:00+00:00,34.806715580533165,-7.5093867334175
1000BONKUSDT,bull,1,2026-07-14 12:31:00+00:00,94.43454551377073,25.687130747493736
1000BONKUSDT,bull,1,2026-07-14 15:00:00+00:00,28.105354307950137,7.655014034193552
1000BONKUSDT,bull,1,2026-07-14 15:32:00+00:00,61.367429903746995,-5.073566717402889
1000BONKUSDT,bull,1,2026-07-14 22:21:00+00:00,39.881195646120915,-13.150973172014746
1000BONKUSDT,bull,1,2026-07-15 12:31:00+00:00,33.93549651660166,5.320563979780424
1000BONKUSDT,bull,1,2026-07-15 14:22:00+00:00,30.18797393563588,2.642706131079642
1000BONKUSDT,bull,1,2026-07-17 13:58:00+00:00,26.50279290229207,34.27859146151402
1000BONKUSDT,bull,1,2026-07-20 01:10:00+00:00,27.326906248390515,-46.51162790697661
1000BONKUSDT,bull,1,2026-07-20 11:33:00+00:00,40.32949949003495,19.717384160367057
1000BONKUSDT,bull,1,2026-07-20 15:44:00+00:00,26.67217260027499,-61.62828413882604
1000BONKUSDT,bull,1,2026-07-21 05:49:00+00:00,30.027381666801745,19.311232700354175
1000BONKUSDT,bull,1,2026-07-26 22:01:00+00:00,35.449889904626275,22.60981912144633
1000BONKUSDT,bull,1,2026-07-28 15:21:00+00:00,29.28965667797101,91.3396481732076
1000BONKUSDT,bull,1,2026-07-29 13:40:00+00:00,26.727932107082353,10.197144799455327
1000BONKUSDT,bull,1,2026-07-29 18:01:00+00:00,34.416755993422754,6.76361176868312
1000BONKUSDT,bull,1,2026-07-30 11:51:00+00:00,27.604676182413357,-20.442930153321548
1000BONKUSDT,bull,1,2026-07-31 01:10:00+00:00,33.73941368579381,-6.781959986436048
1000BONKUSDT,bear,0,2026-07-01 01:11:00+00:00,-31.026591709881757,24.6002460024608
1000BONKUSDT,bear,0,2026-07-01 22:30:00+00:00,-31.393988674253137,55.22319374137052
1000BONKUSDT,bear,0,2026-07-02 09:46:00+00:00,-28.830231669640938,-20.920502092049986
1000BONKUSDT,bear,0,2026-07-02 13:29:00+00:00,-29.01448387039096,-20.431328036323304
1000BONKUSDT,bear,0,2026-07-02 15:37:00+00:00,-32.92390846873161,-6.931608133085021
1000BONKUSDT,bear,0,2026-07-02 16:16:00+00:00,-28.30381295147788,11.584800741428758
1000BONKUSDT,bear,0,2026-07-02 16:28:00+00:00,-41.67314919893528,-11.63331782224386
1000BONKUSDT,bear,0,2026-07-02 19:56:00+00:00,-27.759364270956155,4.626416840155523
1000BONKUSDT,bear,0,2026-07-06 11:58:00+00:00,-43.318422596954065,115.83011583011671
1000BONKUSDT,bear,0,2026-07-07 14:36:00+00:00,-53.846784612563425,-9.465215333650523
1000BONKUSDT,bear,0,2026-07-08 01:37:00+00:00,-38.353917266764626,4.889975550123049
1000BONKUSDT,bear,0,2026-07-08 08:17:00+00:00,-31.539099418136374,-0.0
1000BONKUSDT,bear,0,2026-07-08 14:46:00+00:00,-27.847441300234976,-4.962779156327812
1000BONKUSDT,bear,0,2026-07-09 01:41:00+00:00,-28.967242234383406,10.022550739162694
1000BONKUSDT,bear,0,2026-07-09 14:16:00+00:00,-29.601484650374488,4.966476285076515
1000BONKUSDT,bear,0,2026-07-10 14:33:00+00:00,-51.930973410012626,-42.02719406674716
1000BONKUSDT,bear,0,2026-07-11 15:38:00+00:00,-35.11933980936632,-0.0
1000BONKUSDT,bear,0,2026-07-13 01:10:00+00:00,-28.47347510874343,-35.273368606703045
1000BONKUSDT,bear,0,2026-07-13 01:18:00+00:00,-26.49763643745473,-17.61006289308087
1000BONKUSDT,bear,0,2026-07-13 14:17:00+00:00,-32.16126099163219,-64.15191172697065
1000BONKUSDT,bear,0,2026-07-13 17:37:00+00:00,-27.35732966559823,-29.419630917357775
1000BONKUSDT,bear,0,2026-07-14 14:05:00+00:00,-26.779580918585566,-15.32175689479054
1000BONKUSDT,bear,0,2026-07-15 13:26:00+00:00,-27.148431321784017,-18.36306400839538
1000BONKUSDT,bear,0,2026-07-15 17:49:00+00:00,-29.34548200506981,-18.67662753468613
1000BONKUSDT,bear,0,2026-07-20 05:13:00+00:00,-26.598701009223902,-51.076249543962064
1000BONKUSDT,bear,0,2026-07-20 08:38:00+00:00,-27.438333768152745,-45.37521815008772
1000BONKUSDT,bear,0,2026-07-21 17:47:00+00:00,-66.08028381320352,-69.2383778437189
1000BONKUSDT,bear,0,2026-07-23 07:12:00+00:00,-35.713532972785345,-13.550135501354532
1000BONKUSDT,bear,0,2026-07-27 14:21:00+00:00,-28.014515785805827,19.607843137254832
1000BONKUSDT,bear,0,2026-07-27 14:31:00+00:00,-42.62263532599064,16.589250165893745
1000BONKUSDT,bear,0,2026-07-27 22:41:00+00:00,-47.31903117674463,138.04713804713708
1000BONKUSDT,bear,0,2026-07-27 22:58:00+00:00,-32.55150075807123,-3.447087211307931
1000BONKUSDT,bear,0,2026-07-29 18:32:00+00:00,-29.90644764503614,30.54989816700604
1000BONKUSDT,bear,0,2026-07-29 19:48:00+00:00,-30.1797810916149,3.477051460362146
1000BONKUSDT,bear,0,2026-07-31 14:07:00+00:00,-41.60368785768753,-54.387237128352695
1000BONKUSDT,bear,1,2026-07-01 01:11:00+00:00,-31.026591709881757,86.05851979346046
1000BONKUSDT,bear,1,2026-07-01 22:30:00+00:00,-31.393988674253137,110.37020004598608
1000BONKUSDT,bear,1,2026-07-02 09:46:00+00:00,-28.830231669640938,-37.20065101139092
1000BONKUSDT,bear,1,2026-07-02 13:29:00+00:00,-29.01448387039096,-79.50931394820503
1000BONKUSDT,bear,1,2026-07-02 15:37:00+00:00,-32.92390846873161,9.227220299885541
1000BONKUSDT,bear,1,2026-07-02 16:16:00+00:00,-28.30381295147788,9.265693768820693
1000BONKUSDT,bear,1,2026-07-02 16:28:00+00:00,-41.67314919893528,-4.6522447080721285
1000BONKUSDT,bear,1,2026-07-02 19:56:00+00:00,-27.759364270956155,27.7328403050614
1000BONKUSDT,bear,1,2026-07-06 11:58:00+00:00,-43.318422596954065,184.7079037800692
1000BONKUSDT,bear,1,2026-07-07 14:36:00+00:00,-53.846784612563425,-30.864197530864335
1000BONKUSDT,bear,1,2026-07-08 01:37:00+00:00,-38.353917266764626,-39.206076941924465
1000BONKUSDT,bear,1,2026-07-08 08:17:00+00:00,-31.539099418136374,-55.55555555555536
1000BONKUSDT,bear,1,2026-07-08 14:46:00+00:00,-27.847441300234976,-17.36541801041991
1000BONKUSDT,bear,1,2026-07-09 01:41:00+00:00,-28.967242234383406,-2.5100401606437117
1000BONKUSDT,bear,1,2026-07-09 14:16:00+00:00,-29.601484650374488,7.446016381235099
1000BONKUSDT,bear,1,2026-07-10 14:33:00+00:00,-51.930973410012626,-22.18934911242698
1000BONKUSDT,bear,1,2026-07-11 15:38:00+00:00,-35.11933980936632,-12.168410805548646
1000BONKUSDT,bear,1,2026-07-13 01:10:00+00:00,-28.47347510874343,-65.47469151347185
1000BONKUSDT,bear,1,2026-07-13 01:18:00+00:00,-26.49763643745473,-10.05783253708925
1000BONKUSDT,bear,1,2026-07-13 14:17:00+00:00,-32.16126099163219,-23.02379125095788
1000BONKUSDT,bear,1,2026-07-13 17:37:00+00:00,-27.35732966559823,-13.34400854016593
1000BONKUSDT,bear,1,2026-07-14 14:05:00+00:00,-26.779580918585566,10.206685378922886
1000BONKUSDT,bear,1,2026-07-15 13:26:00+00:00,-27.148431321784017,-10.476689366158976
1000BONKUSDT,bear,1,2026-07-15 17:49:00+00:00,-29.34548200506981,-5.329070077271236
1000BONKUSDT,bear,1,2026-07-20 05:13:00+00:00,-26.598701009223902,-32.70348837209225
1000BONKUSDT,bear,1,2026-07-20 08:38:00+00:00,-27.438333768152745,-6.934812760055475
1000BONKUSDT,bear,1,2026-07-21 17:47:00+00:00,-66.08028381320352,-36.21995390187705
1000BONKUSDT,bear,1,2026-07-23 07:12:00+00:00,-35.713532972785345,-3.3932813030213005
1000BONKUSDT,bear,1,2026-07-27 14:21:00+00:00,-28.014515785805827,32.62642740619937
1000BONKUSDT,bear,1,2026-07-27 14:31:00+00:00,-42.62263532599064,59.58291956305817
1000BONKUSDT,bear,1,2026-07-27 22:41:00+00:00,-47.31903117674463,131.57894736842147
1000BONKUSDT,bear,1,2026-07-27 22:58:00+00:00,-32.55150075807123,41.25128910278497
1000BONKUSDT,bear,1,2026-07-29 18:32:00+00:00,-29.90644764503614,-10.204081632652073
1000BONKUSDT,bear,1,2026-07-29 19:48:00+00:00,-30.1797810916149,17.35508503991623
1000BONKUSDT,bear,1,2026-07-31 14:07:00+00:00,-41.60368785768753,-61.571894241216896
1000SHIBUSDT,both,0,2026-07-01 01:11:00+00:00,-31.026591709881757,-0.0
1000SHIBUSDT,both,0,2026-07-01 03:53:00+00:00,27.072276103190518,2.3529411764688923
1000SHIBUSDT,both,0,2026-07-01 13:41:00+00:00,28.549237088189017,9.427292010368848
1000SHIBUSDT,both,0,2026-07-01 14:11:00+00:00,33.291309288809856,18.639328984157988
1000SHIBUSDT,both,0,2026-07-01 15:24:00+00:00,52.4199361177935,-34.498620055198884
1000SHIBUSDT,both,0,2026-07-01 22:22:00+00:00,37.10219990420427,-6.869704602703308
1000SHIBUSDT,both,0,2026-07-01 22:30:00+00:00,-31.393988674253137,-4.604051565377798
1000SHIBUSDT,both,0,2026-07-02 03:28:00+00:00,55.30494944236963,-23.057412958265022
1000SHIBUSDT,both,0,2026-07-02 03:39:00+00:00,28.51093021941864,2.3046784973490553
1000SHIBUSDT,both,0,2026-07-02 09:46:00+00:00,-28.830231669640938,-13.937282229965486
1000SHIBUSDT,both,0,2026-07-02 12:31:00+00:00,30.468887437944403,-20.74210647614705
1000SHIBUSDT,both,0,2026-07-02 13:29:00+00:00,-29.01448387039096,-20.737327188939947
1000SHIBUSDT,both,0,2026-07-02 14:02:00+00:00,28.30572700174727,-50.43558000917048
1000SHIBUSDT,both,0,2026-07-02 15:37:00+00:00,-32.92390846873161,-11.600928074246841
1000SHIBUSDT,both,0,2026-07-02 16:16:00+00:00,-28.30381295147788,4.641448131817993
1000SHIBUSDT,both,0,2026-07-02 16:28:00+00:00,-41.67314919893528,11.6306117701781
1000SHIBUSDT,both,0,2026-07-02 19:56:00+00:00,-27.759364270956155,-4.649000464898023
1000SHIBUSDT,both,0,2026-07-02 20:58:00+00:00,26.867003431991776,-25.623107384112885
1000SHIBUSDT,both,0,2026-07-03 20:07:00+00:00,40.61448751192742,-2.2753128555164093
1000SHIBUSDT,both,0,2026-07-05 22:21:00+00:00,26.715837567046208,9.043635541488015
1000SHIBUSDT,both,0,2026-07-06 11:58:00+00:00,-43.318422596954065,105.6257175660158
1000SHIBUSDT,both,0,2026-07-06 13:31:00+00:00,28.217796248473093,14.025245441795509
1000SHIBUSDT,both,0,2026-07-06 14:24:00+00:00,34.25407190212226,39.37007874015963
1000SHIBUSDT,both,0,2026-07-06 15:42:00+00:00,48.44801724784631,25.229357798164376
1000SHIBUSDT,both,0,2026-07-06 15:51:00+00:00,57.774615134125185,2.281021897809765
1000SHIBUSDT,both,0,2026-07-06 21:10:00+00:00,76.86459278543722,-22.436616558222376
1000SHIBUSDT,both,0,2026-07-07 14:36:00+00:00,-53.846784612563425,4.584001833599638
1000SHIBUSDT,both,0,2026-07-08 01:37:00+00:00,-38.353917266764626,4.6146746654363024
1000SHIBUSDT,both,0,2026-07-08 08:17:00+00:00,-31.539099418136374,30.573847601128577
1000SHIBUSDT,both,0,2026-07-08 11:44:00+00:00,41.6966873235225,-23.573785950025126
1000SHIBUSDT,both,0,2026-07-08 14:21:00+00:00,27.19474943381428,4.740459824603693
1000SHIBUSDT,both,0,2026-07-08 14:46:00+00:00,-27.847441300234976,-4.777830864788335
1000SHIBUSDT,both,0,2026-07-09 01:10:00+00:00,58.49239383936222,-58.03156917362995
1000SHIBUSDT,both,0,2026-07-09 01:41:00+00:00,-28.967242234383406,2.3402761525859184
1000SHIBUSDT,both,0,2026-07-09 14:16:00+00:00,-29.601484650374488,9.356725146200118
1000SHIBUSDT,both,0,2026-07-09 15:23:00+00:00,34.148393063979654,-13.986013986015955
1000SHIBUSDT,both,0,2026-07-09 18:08:00+00:00,39.19958277361246,0.0
1000SHIBUSDT,both,0,2026-07-10 01:49:00+00:00,67.85196105052904,4.599816007357926
1000SHIBUSDT,both,0,2026-07-10 08:17:00+00:00,27.48875791819927,2.2920009168014843
1000SHIBUSDT,both,0,2026-07-10 14:33:00+00:00,-51.930973410012626,-13.837638376386074
1000SHIBUSDT,both,0,2026-07-11 15:38:00+00:00,-35.11933980936632,-11.361054305838447
1000SHIBUSDT,both,0,2026-07-13 00:11:00+00:00,28.891519412841404,11.67406023814932
1000SHIBUSDT,both,0,2026-07-13 00:46:00+00:00,34.806715580533165,2.350176263219428
1000SHIBUSDT,both,0,2026-07-13 01:10:00+00:00,-28.47347510874343,-30.718336483932518
1000SHIBUSDT,both,0,2026-07-13 01:18:00+00:00,-26.49763643745473,-18.876828692779846
1000SHIBUSDT,both,0,2026-07-13 14:17:00+00:00,-32.16126099163219,-50.395968322534124
1000SHIBUSDT,both,0,2026-07-13 17:37:00+00:00,-27.35732966559823,-38.86324993927603
1000SHIBUSDT,both,0,2026-07-14 12:31:00+00:00,94.43454551377073,-9.596928982724684
1000SHIBUSDT,both,0,2026-07-14 14:05:00+00:00,-26.779580918585566,-11.899095668728155
1000SHIBUSDT,both,0,2026-07-14 15:00:00+00:00,28.105354307950137,23.62390739428344
1000SHIBUSDT,both,0,2026-07-14 15:32:00+00:00,61.367429903746995,-9.376465072666873
1000SHIBUSDT,both,0,2026-07-14 22:21:00+00:00,39.881195646120915,-4.75624256837115
1000SHIBUSDT,both,0,2026-07-15 12:31:00+00:00,33.93549651660166,2.339181286550307
1000SHIBUSDT,both,0,2026-07-15 13:26:00+00:00,-27.148431321784017,-23.185717597957733
1000SHIBUSDT,both,0,2026-07-15 14:22:00+00:00,30.18797393563588,-32.64925373134386
1000SHIBUSDT,both,0,2026-07-15 17:49:00+00:00,-29.34548200506981,-11.837121212121549
1000SHIBUSDT,both,0,2026-07-17 13:58:00+00:00,26.50279290229207,21.88183807439792
1000SHIBUSDT,both,0,2026-07-20 01:10:00+00:00,27.326906248390515,-28.61912711662251
1000SHIBUSDT,both,0,2026-07-20 05:13:00+00:00,-26.598701009223902,-33.85731559854888
1000SHIBUSDT,both,0,2026-07-20 08:38:00+00:00,-27.438333768152745,-24.055809477987466
1000SHIBUSDT,both,0,2026-07-20 11:33:00+00:00,40.32949949003495,9.467455621303689
1000SHIBUSDT,both,0,2026-07-20 15:44:00+00:00,26.67217260027499,14.167650531287102
1000SHIBUSDT,both,0,2026-07-21 05:49:00+00:00,30.027381666801745,-6.979990693344318
1000SHIBUSDT,both,0,2026-07-21 17:47:00+00:00,-66.08028381320352,-42.36290891974637
1000SHIBUSDT,both,0,2026-07-23 07:12:00+00:00,-35.713532972785345,-2.36854571293188
1000SHIBUSDT,both,0,2026-07-26 22:01:00+00:00,35.449889904626275,69.91685563114247
1000SHIBUSDT,both,0,2026-07-27 14:21:00+00:00,-28.014515785805827,34.2741935483859
1000SHIBUSDT,both,0,2026-07-27 14:31:00+00:00,-42.62263532599064,-63.25239746990397
1000SHIBUSDT,both,0,2026-07-27 22:41:00+00:00,-47.31903117674463,20.132876988122604
1000SHIBUSDT,both,0,2026-07-27 22:58:00+00:00,-32.55150075807123,68.83984612269688
1000SHIBUSDT,both,0,2026-07-28 15:21:00+00:00,29.28965667797101,64.71095772217383
1000SHIBUSDT,both,0,2026-07-29 13:40:00+00:00,26.727932107082353,25.036511579386023
1000SHIBUSDT,both,0,2026-07-29 18:01:00+00:00,34.416755993422754,6.314460113661102
1000SHIBUSDT,both,0,2026-07-29 18:32:00+00:00,-29.90644764503614,40.25423728813537
1000SHIBUSDT,both,0,2026-07-29 19:48:00+00:00,-30.1797810916149,-15.060240963855609
1000SHIBUSDT,both,0,2026-07-30 11:51:00+00:00,27.604676182413357,12.936610608020871
1000SHIBUSDT,both,0,2026-07-31 01:10:00+00:00,33.73941368579381,-22.859517871988146
1000SHIBUSDT,both,0,2026-07-31 14:07:00+00:00,-41.60368785768753,-60.7507051421119
1000SHIBUSDT,both,1,2026-07-01 01:11:00+00:00,-31.026591709881757,52.71986580397625
1000SHIBUSDT,both,1,2026-07-01 03:53:00+00:00,27.072276103190518,0.0
1000SHIBUSDT,both,1,2026-07-01 13:41:00+00:00,28.549237088189017,33.02665723047937
1000SHIBUSDT,both,1,2026-07-01 14:11:00+00:00,33.291309288809856,27.932960893854997
1000SHIBUSDT,both,1,2026-07-01 15:24:00+00:00,52.4199361177935,-13.828070984097662
1000SHIBUSDT,both,1,2026-07-01 22:22:00+00:00,37.10219990420427,-34.3013949233939
1000SHIBUSDT,both,1,2026-07-01 22:30:00+00:00,-31.393988674253137,11.499540018400367
1000SHIBUSDT,both,1,2026-07-02 03:28:00+00:00,55.30494944236963,0.0
1000SHIBUSDT,both,1,2026-07-02 03:39:00+00:00,28.51093021941864,2.3046784973490553
1000SHIBUSDT,both,1,2026-07-02 09:46:00+00:00,-28.830231669640938,-30.211480362538623
1000SHIBUSDT,both,1,2026-07-02 12:31:00+00:00,30.468887437944403,11.555350127108177
1000SHIBUSDT,both,1,2026-07-02 13:29:00+00:00,-29.01448387039096,-69.20415224913378
1000SHIBUSDT,both,1,2026-07-02 14:02:00+00:00,28.30572700174727,-32.11745813260003
1000SHIBUSDT,both,1,2026-07-02 15:37:00+00:00,-32.92390846873161,-18.54857407836752
1000SHIBUSDT,both,1,2026-07-02 16:16:00+00:00,-28.30381295147788,11.5982370679657
1000SHIBUSDT,both,1,2026-07-02 16:28:00+00:00,-41.67314919893528,6.986492780625131
1000SHIBUSDT,both,1,2026-07-02 19:56:00+00:00,-27.759364270956155,4.6457607433203485
1000SHIBUSDT,both,1,2026-07-02 20:58:00+00:00,26.867003431991776,-20.979020979021712
1000SHIBUSDT,both,1,2026-07-03 20:07:00+00:00,40.61448751192742,-9.092975676291415
1000SHIBUSDT,both,1,2026-07-05 22:21:00+00:00,26.715837567046208,-11.289230074508216
1000SHIBUSDT,both,1,2026-07-06 11:58:00+00:00,-43.318422596954065,165.3651814423518
1000SHIBUSDT,both,1,2026-07-06 13:31:00+00:00,28.217796248473093,11.720581340834979
1000SHIBUSDT,both,1,2026-07-06 14:24:00+00:00,34.25407190212226,51.02040816326703
1000SHIBUSDT,both,1,2026-07-06 15:42:00+00:00,48.44801724784631,27.522935779815683
1000SHIBUSDT,both,1,2026-07-06 15:51:00+00:00,57.774615134125185,2.281021897809765
1000SHIBUSDT,both,1,2026-07-06 21:10:00+00:00,76.86459278543722,-38.09097019941699
1000SHIBUSDT,both,1,2026-07-07 14:36:00+00:00,-53.846784612563425,-13.789933348655747
1000SHIBUSDT,both,1,2026-07-08 01:37:00+00:00,-38.353917266764626,-27.74566473988438
1000SHIBUSDT,both,1,2026-07-08 08:17:00+00:00,-31.539099418136374,-7.0754716981147325
1000SHIBUSDT,both,1,2026-07-08 11:44:00+00:00,41.6966873235225,-9.44287063267324
1000SHIBUSDT,both,1,2026-07-08 14:21:00+00:00,27.19474943381428,-11.839924224484877
1000SHIBUSDT,both,1,2026-07-08 14:46:00+00:00,-27.847441300234976,-14.330069262000755
1000SHIBUSDT,both,1,2026-07-09 01:10:00+00:00,58.49239383936222,-11.655011655012926
1000SHIBUSDT,both,1,2026-07-09 01:41:00+00:00,-28.967242234383406,7.019185774450598
1000SHIBUSDT,both,1,2026-07-09 14:16:00+00:00,-29.601484650374488,16.370439663236922
1000SHIBUSDT,both,1,2026-07-09 15:23:00+00:00,34.148393063979654,-25.664955669620902
1000SHIBUSDT,both,1,2026-07-09 18:08:00+00:00,39.19958277361246,0.0
1000SHIBUSDT,both,1,2026-07-10 01:49:00+00:00,67.85196105052904,-9.218713989397331
1000SHIBUSDT,both,1,2026-07-10 08:17:00+00:00,27.48875791819927,-25.148605395520775
1000SHIBUSDT,both,1,2026-07-10 14:33:00+00:00,-51.930973410012626,-6.904487917147595
1000SHIBUSDT,both,1,2026-07-11 15:38:00+00:00,-35.11933980936632,-11.355893708835385
1000SHIBUSDT,both,1,2026-07-13 00:11:00+00:00,28.891519412841404,4.66853408029877
1000SHIBUSDT,both,1,2026-07-13 00:46:00+00:00,34.806715580533165,0.0
1000SHIBUSDT,both,1,2026-07-13 01:10:00+00:00,-28.47347510874343,-63.79962192816669
1000SHIBUSDT,both,1,2026-07-13 01:18:00+00:00,-26.49763643745473,-9.431737797689355
1000SHIBUSDT,both,1,2026-07-13 14:17:00+00:00,-32.16126099163219,-7.1753169098309755
1000SHIBUSDT,both,1,2026-07-13 17:37:00+00:00,-27.35732966559823,-4.841442749941027
1000SHIBUSDT,both,1,2026-07-14 12:31:00+00:00,94.43454551377073,-7.204610951009327
1000SHIBUSDT,both,1,2026-07-14 14:05:00+00:00,-26.779580918585566,-2.3786869647968167
1000SHIBUSDT,both,1,2026-07-14 15:00:00+00:00,28.105354307950137,40.160642570281624
1000SHIBUSDT,both,1,2026-07-14 15:32:00+00:00,61.367429903746995,-9.38526513374116
1000SHIBUSDT,both,1,2026-07-14 22:21:00+00:00,39.881195646120915,-7.132667617687494
1000SHIBUSDT,both,1,2026-07-15 12:31:00+00:00,33.93549651660166,7.0175438596487005
1000SHIBUSDT,both,1,2026-07-15 13:26:00+00:00,-27.148431321784017,-23.17497103128563
1000SHIBUSDT,both,1,2026-07-15 14:22:00+00:00,30.18797393563588,-11.676786548341367
1000SHIBUSDT,both,1,2026-07-15 17:49:00+00:00,-29.34548200506981,-2.3657440264956975
1000SHIBUSDT,both,1,2026-07-17 13:58:00+00:00,26.50279290229207,21.871202916161625
1000SHIBUSDT,both,1,2026-07-20 01:10:00+00:00,27.326906248390515,-16.714422158548015
1000SHIBUSDT,both,1,2026-07-20 05:13:00+00:00,-26.598701009223902,-14.468290330358347
1000SHIBUSDT,both,1,2026-07-20 08:38:00+00:00,-27.438333768152745,-4.80076812289898
1000SHIBUSDT,both,1,2026-07-20 11:33:00+00:00,40.32949949003495,11.851149561508123
1000SHIBUSDT,both,1,2026-07-20 15:44:00+00:00,26.67217260027499,2.3590469450351925
1000SHIBUSDT,both,1,2026-07-21 05:49:00+00:00,30.027381666801745,-4.654410053523961
1000SHIBUSDT,both,1,2026-07-21 17:47:00+00:00,-66.08028381320352,-28.22201317027373
1000SHIBUSDT,both,1,2026-07-23 07:12:00+00:00,-35.713532972785345,-0.0
1000SHIBUSDT,both,1,2026-07-26 22:01:00+00:00,35.449889904626275,35.78154425612156
1000SHIBUSDT,both,1,2026-07-27 14:21:00+00:00,-28.014515785805827,6.061830672864366
1000SHIBUSDT,both,1,2026-07-27 14:31:00+00:00,-42.62263532599064,-2.0279862096939105
1000SHIBUSDT,both,1,2026-07-27 22:41:00+00:00,-47.31903117674463,32.14788024914483
1000SHIBUSDT,both,1,2026-07-27 22:58:00+00:00,-32.55150075807123,103.05112143867534
1000SHIBUSDT,both,1,2026-07-28 15:21:00+00:00,29.28965667797101,27.950978284239092
1000SHIBUSDT,both,1,2026-07-29 13:40:00+00:00,26.727932107082353,41.76237210273604
1000SHIBUSDT,both,1,2026-07-29 18:01:00+00:00,34.416755993422754,-16.803192606593687
1000SHIBUSDT,both,1,2026-07-29 18:32:00+00:00,-29.90644764503614,-8.507018290091484
1000SHIBUSDT,both,1,2026-07-29 19:48:00+00:00,-30.1797810916149,-8.594757198108205
1000SHIBUSDT,both,1,2026-07-30 11:51:00+00:00,27.604676182413357,19.417475728154
1000SHIBUSDT,both,1,2026-07-31 01:10:00+00:00,33.73941368579381,-18.722696068232956
1000SHIBUSDT,both,1,2026-07-31 14:07:00+00:00,-41.60368785768753,-58.479532163742135
1000SHIBUSDT,bull,0,2026-07-01 03:53:00+00:00,27.072276103190518,2.3529411764688923
1000SHIBUSDT,bull,0,2026-07-01 13:41:00+00:00,28.549237088189017,9.427292010368848
1000SHIBUSDT,bull,0,2026-07-01 14:11:00+00:00,33.291309288809856,18.639328984157988
1000SHIBUSDT,bull,0,2026-07-01 15:24:00+00:00,52.4199361177935,-34.498620055198884
1000SHIBUSDT,bull,0,2026-07-01 22:22:00+00:00,37.10219990420427,-6.869704602703308
1000SHIBUSDT,bull,0,2026-07-02 03:28:00+00:00,55.30494944236963,-23.057412958265022
1000SHIBUSDT,bull,0,2026-07-02 03:39:00+00:00,28.51093021941864,2.3046784973490553
1000SHIBUSDT,bull,0,2026-07-02 12:31:00+00:00,30.468887437944403,-20.74210647614705
1000SHIBUSDT,bull,0,2026-07-02 14:02:00+00:00,28.30572700174727,-50.43558000917048
1000SHIBUSDT,bull,0,2026-07-02 20:58:00+00:00,26.867003431991776,-25.623107384112885
1000SHIBUSDT,bull,0,2026-07-03 20:07:00+00:00,40.61448751192742,-2.2753128555164093
1000SHIBUSDT,bull,0,2026-07-05 22:21:00+00:00,26.715837567046208,9.043635541488015
1000SHIBUSDT,bull,0,2026-07-06 13:31:00+00:00,28.217796248473093,14.025245441795509
1000SHIBUSDT,bull,0,2026-07-06 14:24:00+00:00,34.25407190212226,39.37007874015963
1000SHIBUSDT,bull,0,2026-07-06 15:42:00+00:00,48.44801724784631,25.229357798164376
1000SHIBUSDT,bull,0,2026-07-06 15:51:00+00:00,57.774615134125185,2.281021897809765
1000SHIBUSDT,bull,0,2026-07-06 21:10:00+00:00,76.86459278543722,-22.436616558222376
1000SHIBUSDT,bull,0,2026-07-08 11:44:00+00:00,41.6966873235225,-23.573785950025126
1000SHIBUSDT,bull,0,2026-07-08 14:21:00+00:00,27.19474943381428,4.740459824603693
1000SHIBUSDT,bull,0,2026-07-09 01:10:00+00:00,58.49239383936222,-58.03156917362995
1000SHIBUSDT,bull,0,2026-07-09 15:23:00+00:00,34.148393063979654,-13.986013986015955
1000SHIBUSDT,bull,0,2026-07-09 18:08:00+00:00,39.19958277361246,0.0
1000SHIBUSDT,bull,0,2026-07-10 01:49:00+00:00,67.85196105052904,4.599816007357926
1000SHIBUSDT,bull,0,2026-07-10 08:17:00+00:00,27.48875791819927,2.2920009168014843
1000SHIBUSDT,bull,0,2026-07-13 00:11:00+00:00,28.891519412841404,11.67406023814932
1000SHIBUSDT,bull,0,2026-07-13 00:46:00+00:00,34.806715580533165,2.350176263219428
1000SHIBUSDT,bull,0,2026-07-14 12:31:00+00:00,94.43454551377073,-9.596928982724684
1000SHIBUSDT,bull,0,2026-07-14 15:00:00+00:00,28.105354307950137,23.62390739428344
1000SHIBUSDT,bull,0,2026-07-14 15:32:00+00:00,61.367429903746995,-9.376465072666873
1000SHIBUSDT,bull,0,2026-07-14 22:21:00+00:00,39.881195646120915,-4.75624256837115
1000SHIBUSDT,bull,0,2026-07-15 12:31:00+00:00,33.93549651660166,2.339181286550307
1000SHIBUSDT,bull,0,2026-07-15 14:22:00+00:00,30.18797393563588,-32.64925373134386
1000SHIBUSDT,bull,0,2026-07-17 13:58:00+00:00,26.50279290229207,21.88183807439792
1000SHIBUSDT,bull,0,2026-07-20 01:10:00+00:00,27.326906248390515,-28.61912711662251
1000SHIBUSDT,bull,0,2026-07-20 11:33:00+00:00,40.32949949003495,9.467455621303689
1000SHIBUSDT,bull,0,2026-07-20 15:44:00+00:00,26.67217260027499,14.167650531287102
1000SHIBUSDT,bull,0,2026-07-21 05:49:00+00:00,30.027381666801745,-6.979990693344318
1000SHIBUSDT,bull,0,2026-07-26 22:01:00+00:00,35.449889904626275,69.91685563114247
1000SHIBUSDT,bull,0,2026-07-28 15:21:00+00:00,29.28965667797101,64.71095772217383
1000SHIBUSDT,bull,0,2026-07-29 13:40:00+00:00,26.727932107082353,25.036511579386023
1000SHIBUSDT,bull,0,2026-07-29 18:01:00+00:00,34.416755993422754,6.314460113661102
1000SHIBUSDT,bull,0,2026-07-30 11:51:00+00:00,27.604676182413357,12.936610608020871
1000SHIBUSDT,bull,0,2026-07-31 01:10:00+00:00,33.73941368579381,-22.859517871988146
1000SHIBUSDT,bull,1,2026-07-01 03:53:00+00:00,27.072276103190518,0.0
1000SHIBUSDT,bull,1,2026-07-01 13:41:00+00:00,28.549237088189017,33.02665723047937
1000SHIBUSDT,bull,1,2026-07-01 14:11:00+00:00,33.291309288809856,27.932960893854997
1000SHIBUSDT,bull,1,2026-07-01 15:24:00+00:00,52.4199361177935,-13.828070984097662
1000SHIBUSDT,bull,1,2026-07-01 22:22:00+00:00,37.10219990420427,-34.3013949233939
1000SHIBUSDT,bull,1,2026-07-02 03:28:00+00:00,55.30494944236963,0.0
1000SHIBUSDT,bull,1,2026-07-02 03:39:00+00:00,28.51093021941864,2.3046784973490553
1000SHIBUSDT,bull,1,2026-07-02 12:31:00+00:00,30.468887437944403,11.555350127108177
1000SHIBUSDT,bull,1,2026-07-02 14:02:00+00:00,28.30572700174727,-32.11745813260003
1000SHIBUSDT,bull,1,2026-07-02 20:58:00+00:00,26.867003431991776,-20.979020979021712
1000SHIBUSDT,bull,1,2026-07-03 20:07:00+00:00,40.61448751192742,-9.092975676291415
1000SHIBUSDT,bull,1,2026-07-05 22:21:00+00:00,26.715837567046208,-11.289230074508216
1000SHIBUSDT,bull,1,2026-07-06 13:31:00+00:00,28.217796248473093,11.720581340834979
1000SHIBUSDT,bull,1,2026-07-06 14:24:00+00:00,34.25407190212226,51.02040816326703
1000SHIBUSDT,bull,1,2026-07-06 15:42:00+00:00,48.44801724784631,27.522935779815683
1000SHIBUSDT,bull,1,2026-07-06 15:51:00+00:00,57.774615134125185,2.281021897809765
1000SHIBUSDT,bull,1,2026-07-06 21:10:00+00:00,76.86459278543722,-38.09097019941699
1000SHIBUSDT,bull,1,2026-07-08 11:44:00+00:00,41.6966873235225,-9.44287063267324
1000SHIBUSDT,bull,1,2026-07-08 14:21:00+00:00,27.19474943381428,-11.839924224484877
1000SHIBUSDT,bull,1,2026-07-09 01:10:00+00:00,58.49239383936222,-11.655011655012926
1000SHIBUSDT,bull,1,2026-07-09 15:23:00+00:00,34.148393063979654,-25.664955669620902
1000SHIBUSDT,bull,1,2026-07-09 18:08:00+00:00,39.19958277361246,0.0
1000SHIBUSDT,bull,1,2026-07-10 01:49:00+00:00,67.85196105052904,-9.218713989397331
1000SHIBUSDT,bull,1,2026-07-10 08:17:00+00:00,27.48875791819927,-25.148605395520775
1000SHIBUSDT,bull,1,2026-07-13 00:11:00+00:00,28.891519412841404,4.66853408029877
1000SHIBUSDT,bull,1,2026-07-13 00:46:00+00:00,34.806715580533165,0.0
1000SHIBUSDT,bull,1,2026-07-14 12:31:00+00:00,94.43454551377073,-7.204610951009327
1000SHIBUSDT,bull,1,2026-07-14 15:00:00+00:00,28.105354307950137,40.160642570281624
1000SHIBUSDT,bull,1,2026-07-14 15:32:00+00:00,61.367429903746995,-9.38526513374116
1000SHIBUSDT,bull,1,2026-07-14 22:21:00+00:00,39.881195646120915,-7.132667617687494
1000SHIBUSDT,bull,1,2026-07-15 12:31:00+00:00,33.93549651660166,7.0175438596487005
1000SHIBUSDT,bull,1,2026-07-15 14:22:00+00:00,30.18797393563588,-11.676786548341367
1000SHIBUSDT,bull,1,2026-07-17 13:58:00+00:00,26.50279290229207,21.871202916161625
1000SHIBUSDT,bull,1,2026-07-20 01:10:00+00:00,27.326906248390515,-16.714422158548015
1000SHIBUSDT,bull,1,2026-07-20 11:33:00+00:00,40.32949949003495,11.851149561508123
1000SHIBUSDT,bull,1,2026-07-20 15:44:00+00:00,26.67217260027499,2.3590469450351925
1000SHIBUSDT,bull,1,2026-07-21 05:49:00+00:00,30.027381666801745,-4.654410053523961
1000SHIBUSDT,bull,1,2026-07-26 22:01:00+00:00,35.449889904626275,35.78154425612156
1000SHIBUSDT,bull,1,2026-07-28 15:21:00+00:00,29.28965667797101,27.950978284239092
1000SHIBUSDT,bull,1,2026-07-29 13:40:00+00:00,26.727932107082353,41.76237210273604
1000SHIBUSDT,bull,1,2026-07-29 18:01:00+00:00,34.416755993422754,-16.803192606593687
1000SHIBUSDT,bull,1,2026-07-30 11:51:00+00:00,27.604676182413357,19.417475728154
1000SHIBUSDT,bull,1,2026-07-31 01:10:00+00:00,33.73941368579381,-18.722696068232956
1000SHIBUSDT,bear,0,2026-07-01 01:11:00+00:00,-31.026591709881757,-0.0
1000SHIBUSDT,bear,0,2026-07-01 22:30:00+00:00,-31.393988674253137,-4.604051565377798
1000SHIBUSDT,bear,0,2026-07-02 09:46:00+00:00,-28.830231669640938,-13.937282229965486
1000SHIBUSDT,bear,0,2026-07-02 13:29:00+00:00,-29.01448387039096,-20.737327188939947
1000SHIBUSDT,bear,0,2026-07-02 15:37:00+00:00,-32.92390846873161,-11.600928074246841
1000SHIBUSDT,bear,0,2026-07-02 16:16:00+00:00,-28.30381295147788,4.641448131817993
1000SHIBUSDT,bear,0,2026-07-02 16:28:00+00:00,-41.67314919893528,11.6306117701781
1000SHIBUSDT,bear,0,2026-07-02 19:56:00+00:00,-27.759364270956155,-4.649000464898023
1000SHIBUSDT,bear,0,2026-07-06 11:58:00+00:00,-43.318422596954065,105.6257175660158
1000SHIBUSDT,bear,0,2026-07-07 14:36:00+00:00,-53.846784612563425,4.584001833599638
1000SHIBUSDT,bear,0,2026-07-08 01:37:00+00:00,-38.353917266764626,4.6146746654363024
1000SHIBUSDT,bear,0,2026-07-08 08:17:00+00:00,-31.539099418136374,30.573847601128577
1000SHIBUSDT,bear,0,2026-07-08 14:46:00+00:00,-27.847441300234976,-4.777830864788335
1000SHIBUSDT,bear,0,2026-07-09 01:41:00+00:00,-28.967242234383406,2.3402761525859184
1000SHIBUSDT,bear,0,2026-07-09 14:16:00+00:00,-29.601484650374488,9.356725146200118
1000SHIBUSDT,bear,0,2026-07-10 14:33:00+00:00,-51.930973410012626,-13.837638376386074
1000SHIBUSDT,bear,0,2026-07-11 15:38:00+00:00,-35.11933980936632,-11.361054305838447
1000SHIBUSDT,bear,0,2026-07-13 01:10:00+00:00,-28.47347510874343,-30.718336483932518
1000SHIBUSDT,bear,0,2026-07-13 01:18:00+00:00,-26.49763643745473,-18.876828692779846
1000SHIBUSDT,bear,0,2026-07-13 14:17:00+00:00,-32.16126099163219,-50.395968322534124
1000SHIBUSDT,bear,0,2026-07-13 17:37:00+00:00,-27.35732966559823,-38.86324993927603
1000SHIBUSDT,bear,0,2026-07-14 14:05:00+00:00,-26.779580918585566,-11.899095668728155
1000SHIBUSDT,bear,0,2026-07-15 13:26:00+00:00,-27.148431321784017,-23.185717597957733
1000SHIBUSDT,bear,0,2026-07-15 17:49:00+00:00,-29.34548200506981,-11.837121212121549
1000SHIBUSDT,bear,0,2026-07-20 05:13:00+00:00,-26.598701009223902,-33.85731559854888
1000SHIBUSDT,bear,0,2026-07-20 08:38:00+00:00,-27.438333768152745,-24.055809477987466
1000SHIBUSDT,bear,0,2026-07-21 17:47:00+00:00,-66.08028381320352,-42.36290891974637
1000SHIBUSDT,bear,0,2026-07-23 07:12:00+00:00,-35.713532972785345,-2.36854571293188
1000SHIBUSDT,bear,0,2026-07-27 14:21:00+00:00,-28.014515785805827,34.2741935483859
1000SHIBUSDT,bear,0,2026-07-27 14:31:00+00:00,-42.62263532599064,-63.25239746990397
1000SHIBUSDT,bear,0,2026-07-27 22:41:00+00:00,-47.31903117674463,20.132876988122604
1000SHIBUSDT,bear,0,2026-07-27 22:58:00+00:00,-32.55150075807123,68.83984612269688
1000SHIBUSDT,bear,0,2026-07-29 18:32:00+00:00,-29.90644764503614,40.25423728813537
1000SHIBUSDT,bear,0,2026-07-29 19:48:00+00:00,-30.1797810916149,-15.060240963855609
1000SHIBUSDT,bear,0,2026-07-31 14:07:00+00:00,-41.60368785768753,-60.7507051421119
1000SHIBUSDT,bear,1,2026-07-01 01:11:00+00:00,-31.026591709881757,52.71986580397625
1000SHIBUSDT,bear,1,2026-07-01 22:30:00+00:00,-31.393988674253137,11.499540018400367
1000SHIBUSDT,bear,1,2026-07-02 09:46:00+00:00,-28.830231669640938,-30.211480362538623
1000SHIBUSDT,bear,1,2026-07-02 13:29:00+00:00,-29.01448387039096,-69.20415224913378
1000SHIBUSDT,bear,1,2026-07-02 15:37:00+00:00,-32.92390846873161,-18.54857407836752
1000SHIBUSDT,bear,1,2026-07-02 16:16:00+00:00,-28.30381295147788,11.5982370679657
1000SHIBUSDT,bear,1,2026-07-02 16:28:00+00:00,-41.67314919893528,6.986492780625131
1000SHIBUSDT,bear,1,2026-07-02 19:56:00+00:00,-27.759364270956155,4.6457607433203485
1000SHIBUSDT,bear,1,2026-07-06 11:58:00+00:00,-43.318422596954065,165.3651814423518
1000SHIBUSDT,bear,1,2026-07-07 14:36:00+00:00,-53.846784612563425,-13.789933348655747
1000SHIBUSDT,bear,1,2026-07-08 01:37:00+00:00,-38.353917266764626,-27.74566473988438
1000SHIBUSDT,bear,1,2026-07-08 08:17:00+00:00,-31.539099418136374,-7.0754716981147325
1000SHIBUSDT,bear,1,2026-07-08 14:46:00+00:00,-27.847441300234976,-14.330069262000755
1000SHIBUSDT,bear,1,2026-07-09 01:41:00+00:00,-28.967242234383406,7.019185774450598
1000SHIBUSDT,bear,1,2026-07-09 14:16:00+00:00,-29.601484650374488,16.370439663236922
1000SHIBUSDT,bear,1,2026-07-10 14:33:00+00:00,-51.930973410012626,-6.904487917147595
1000SHIBUSDT,bear,1,2026-07-11 15:38:00+00:00,-35.11933980936632,-11.355893708835385
1000SHIBUSDT,bear,1,2026-07-13 01:10:00+00:00,-28.47347510874343,-63.79962192816669
1000SHIBUSDT,bear,1,2026-07-13 01:18:00+00:00,-26.49763643745473,-9.431737797689355
1000SHIBUSDT,bear,1,2026-07-13 14:17:00+00:00,-32.16126099163219,-7.1753169098309755
1000SHIBUSDT,bear,1,2026-07-13 17:37:00+00:00,-27.35732966559823,-4.841442749941027
1000SHIBUSDT,bear,1,2026-07-14 14:05:00+00:00,-26.779580918585566,-2.3786869647968167
1000SHIBUSDT,bear,1,2026-07-15 13:26:00+00:00,-27.148431321784017,-23.17497103128563
1000SHIBUSDT,bear,1,2026-07-15 17:49:00+00:00,-29.34548200506981,-2.3657440264956975
1000SHIBUSDT,bear,1,2026-07-20 05:13:00+00:00,-26.598701009223902,-14.468290330358347
1000SHIBUSDT,bear,1,2026-07-20 08:38:00+00:00,-27.438333768152745,-4.80076812289898
1000SHIBUSDT,bear,1,2026-07-21 17:47:00+00:00,-66.08028381320352,-28.22201317027373
1000SHIBUSDT,bear,1,2026-07-23 07:12:00+00:00,-35.713532972785345,-0.0
1000SHIBUSDT,bear,1,2026-07-27 14:21:00+00:00,-28.014515785805827,6.061830672864366
1000SHIBUSDT,bear,1,2026-07-27 14:31:00+00:00,-42.62263532599064,-2.0279862096939105
1000SHIBUSDT,bear,1,2026-07-27 22:41:00+00:00,-47.31903117674463,32.14788024914483
1000SHIBUSDT,bear,1,2026-07-27 22:58:00+00:00,-32.55150075807123,103.05112143867534
1000SHIBUSDT,bear,1,2026-07-29 18:32:00+00:00,-29.90644764503614,-8.507018290091484
1000SHIBUSDT,bear,1,2026-07-29 19:48:00+00:00,-30.1797810916149,-8.594757198108205
1000SHIBUSDT,bear,1,2026-07-31 14:07:00+00:00,-41.60368785768753,-58.479532163742135
1000FLOKIUSDT,both,0,2026-07-01 01:11:00+00:00,-31.026591709881757,28.18224518553403
1000FLOKIUSDT,both,0,2026-07-01 03:53:00+00:00,27.072276103190518,-9.13659205116435
1000FLOKIUSDT,both,0,2026-07-01 13:41:00+00:00,28.549237088189017,13.831258644536604
1000FLOKIUSDT,both,0,2026-07-01 14:11:00+00:00,33.291309288809856,22.914757103575933
1000FLOKIUSDT,both,0,2026-07-01 15:24:00+00:00,52.4199361177935,-45.12635379061325
1000FLOKIUSDT,both,0,2026-07-01 22:22:00+00:00,37.10219990420427,-22.68602540834941
1000FLOKIUSDT,both,0,2026-07-01 22:30:00+00:00,-31.393988674253137,-0.0
1000FLOKIUSDT,both,0,2026-07-02 03:28:00+00:00,55.30494944236963,-31.96347031963476
1000FLOKIUSDT,both,0,2026-07-02 03:39:00+00:00,28.51093021941864,18.28153564899404
1000FLOKIUSDT,both,0,2026-07-02 09:46:00+00:00,-28.830231669640938,-22.71694684234493
1000FLOKIUSDT,both,0,2026-07-02 12:31:00+00:00,30.468887437944403,-13.446884805019543
1000FLOKIUSDT,both,0,2026-07-02 13:29:00+00:00,-29.01448387039096,-26.69039145907437
1000FLOKIUSDT,both,0,2026-07-02 14:02:00+00:00,28.30572700174727,-35.46099290780202
1000FLOKIUSDT,both,0,2026-07-02 15:37:00+00:00,-32.92390846873161,-13.501350135012302
1000FLOKIUSDT,both,0,2026-07-02 16:16:00+00:00,-28.30381295147788,4.500450045004101
1000FLOKIUSDT,both,0,2026-07-02 16:28:00+00:00,-41.67314919893528,-13.550135501354532
1000FLOKIUSDT,both,0,2026-07-02 19:56:00+00:00,-27.759364270956155,-9.049773755656076
1000FLOKIUSDT,both,0,2026-07-02 20:58:00+00:00,26.867003431991776,-18.09954751131326
1000FLOKIUSDT,both,0,2026-07-03 20:07:00+00:00,40.61448751192742,4.30477830391629
1000FLOKIUSDT,both,0,2026-07-05 22:21:00+00:00,26.715837567046208,12.510425354461674
1000FLOKIUSDT,both,0,2026-07-06 11:58:00+00:00,-43.318422596954065,142.1188630490955
1000FLOKIUSDT,both,0,2026-07-06 13:31:00+00:00,28.217796248473093,4.3859649122812705
1000FLOKIUSDT,both,0,2026-07-06 14:24:00+00:00,34.25407190212226,26.16659398168464
1000FLOKIUSDT,both,0,2026-07-06 15:42:00+00:00,48.44801724784631,17.316017316018062
1000FLOKIUSDT,both,0,2026-07-06 15:51:00+00:00,57.774615134125185,25.77319587628857
1000FLOKIUSDT,both,0,2026-07-06 21:10:00+00:00,76.86459278543722,-20.920502092051095
1000FLOKIUSDT,both,0,2026-07-07 14:36:00+00:00,-53.846784612563425,-8.726003490400203
1000FLOKIUSDT,both,0,2026-07-08 01:37:00+00:00,-38.353917266764626,-17.68346595932835
1000FLOKIUSDT,both,0,2026-07-08 08:17:00+00:00,-31.539099418136374,17.897091722594016
1000FLOKIUSDT,both,0,2026-07-08 11:44:00+00:00,41.6966873235225,-26.66666666666595
1000FLOKIUSDT,both,0,2026-07-08 14:21:00+00:00,27.19474943381428,-17.81737193763955
1000FLOKIUSDT,both,0,2026-07-08 14:46:00+00:00,-27.847441300234976,-4.492362982930764
1000FLOKIUSDT,both,0,2026-07-09 01:10:00+00:00,58.49239383936222,-39.75265017667873
1000FLOKIUSDT,both,0,2026-07-09 01:41:00+00:00,-28.967242234383406,-0.0
1000FLOKIUSDT,both,0,2026-07-09 14:16:00+00:00,-29.601484650374488,13.140604467805073
1000FLOKIUSDT,both,0,2026-07-09 15:23:00+00:00,34.148393063979654,-13.140604467805073
1000FLOKIUSDT,both,0,2026-07-09 18:08:00+00:00,39.19958277361246,-13.157894736842701
1000FLOKIUSDT,both,0,2026-07-10 01:49:00+00:00,67.85196105052904,-30.421555845284722
1000FLOKIUSDT,both,0,2026-07-10 08:17:00+00:00,27.48875791819927,17.44439598778902
1000FLOKIUSDT,both,0,2026-07-10 14:33:00+00:00,-51.930973410012626,-17.69911504424959
1000FLOKIUSDT,both,0,2026-07-11 15:38:00+00:00,-35.11933980936632,-8.602150537633246
1000FLOKIUSDT,both,0,2026-07-13 00:11:00+00:00,28.891519412841404,-8.822232024702226
1000FLOKIUSDT,both,0,2026-07-13 00:46:00+00:00,34.806715580533165,13.333333333334085
1000FLOKIUSDT,both,0,2026-07-13 01:10:00+00:00,-28.47347510874343,-22.311468094600162
1000FLOKIUSDT,both,0,2026-07-13 01:18:00+00:00,-26.49763643745473,-8.928571428570287
1000FLOKIUSDT,both,0,2026-07-13 14:17:00+00:00,-32.16126099163219,-36.42987249544704
1000FLOKIUSDT,both,0,2026-07-13 17:37:00+00:00,-27.35732966559823,-13.818516812529325
1000FLOKIUSDT,both,0,2026-07-14 12:31:00+00:00,94.43454551377073,-9.029345372459918
1000FLOKIUSDT,both,0,2026-07-14 14:05:00+00:00,-26.779580918585566,-22.401433691756623
1000FLOKIUSDT,both,0,2026-07-14 15:00:00+00:00,28.105354307950137,-4.448398576512025
1000FLOKIUSDT,both,0,2026-07-14 15:32:00+00:00,61.367429903746995,-17.730496453901566
1000FLOKIUSDT,both,0,2026-07-14 22:21:00+00:00,39.881195646120915,-8.9565606806985
1000FLOKIUSDT,both,0,2026-07-15 12:31:00+00:00,33.93549651660166,-40.10695187165902
1000FLOKIUSDT,both,0,2026-07-15 13:26:00+00:00,-27.148431321784017,-26.69039145907437
1000FLOKIUSDT,both,0,2026-07-15 14:22:00+00:00,30.18797393563588,-26.7141585040076
1000FLOKIUSDT,both,0,2026-07-15 17:49:00+00:00,-29.34548200506981,-13.489208633095107
1000FLOKIUSDT,both,0,2026-07-17 13:58:00+00:00,26.50279290229207,13.966480446927498
1000FLOKIUSDT,both,0,2026-07-20 01:10:00+00:00,27.326906248390515,-28.1162136832247
1000FLOKIUSDT,both,0,2026-07-20 05:13:00+00:00,-26.598701009223902,-28.7356321839094
1000FLOKIUSDT,both,0,2026-07-20 08:38:00+00:00,-27.438333768152745,-24.015369836694056
1000FLOKIUSDT,both,0,2026-07-20 11:33:00+00:00,40.32949949003495,51.91127890514346
1000FLOKIUSDT,both,0,2026-07-20 15:44:00+00:00,26.67217260027499,14.104372355430161
1000FLOKIUSDT,both,0,2026-07-21 05:49:00+00:00,30.027381666801745,-4.616805170821747
1000FLOKIUSDT,both,0,2026-07-21 17:47:00+00:00,-66.08028381320352,-28.31524303916977
1000FLOKIUSDT,both,0,2026-07-23 07:12:00+00:00,-35.713532972785345,-9.3545369504211
1000FLOKIUSDT,both,0,2026-07-26 22:01:00+00:00,35.449889904626275,-13.434841021047195
1000FLOKIUSDT,both,0,2026-07-27 14:21:00+00:00,-28.014515785805827,50.182481751824824
1000FLOKIUSDT,both,0,2026-07-27 14:31:00+00:00,-42.62263532599064,-9.27213722763165
1000FLOKIUSDT,both,0,2026-07-27 22:41:00+00:00,-47.31903117674463,23.980815347722782
1000FLOKIUSDT,both,0,2026-07-27 22:58:00+00:00,-32.55150075807123,33.84912959381037
1000FLOKIUSDT,both,0,2026-07-28 15:21:00+00:00,29.28965667797101,72.1500721500723
1000FLOKIUSDT,both,0,2026-07-29 13:40:00+00:00,26.727932107082353,4.835589941971641
1000FLOKIUSDT,both,0,2026-07-29 18:01:00+00:00,34.416755993422754,0.0
1000FLOKIUSDT,both,0,2026-07-29 18:32:00+00:00,-29.90644764503614,14.720314033365156
1000FLOKIUSDT,both,0,2026-07-29 19:48:00+00:00,-30.1797810916149,-34.86055776892538
1000FLOKIUSDT,both,0,2026-07-30 11:51:00+00:00,27.604676182413357,-34.29691327780482
1000FLOKIUSDT,both,0,2026-07-31 01:10:00+00:00,33.73941368579381,-9.661835748792091
1000FLOKIUSDT,both,0,2026-07-31 14:07:00+00:00,-41.60368785768753,-74.7384155455899
1000FLOKIUSDT,both,1,2026-07-01 01:11:00+00:00,-31.026591709881757,84.42776735459678
1000FLOKIUSDT,both,1,2026-07-01 03:53:00+00:00,27.072276103190518,-4.572473708276403
1000FLOKIUSDT,both,1,2026-07-01 13:41:00+00:00,28.549237088189017,50.76142131979822
1000FLOKIUSDT,both,1,2026-07-01 14:11:00+00:00,33.291309288809856,27.447392497712553
1000FLOKIUSDT,both,1,2026-07-01 15:24:00+00:00,52.4199361177935,-18.09136137494449
1000FLOKIUSDT,both,1,2026-07-01 22:22:00+00:00,37.10219990420427,-58.823529411765605
1000FLOKIUSDT,both,1,2026-07-01 22:30:00+00:00,-31.393988674253137,9.119927040585063
1000FLOKIUSDT,both,1,2026-07-02 03:28:00+00:00,55.30494944236963,-9.149130832571961
1000FLOKIUSDT,both,1,2026-07-02 03:39:00+00:00,28.51093021941864,13.6986301369868
1000FLOKIUSDT,both,1,2026-07-02 09:46:00+00:00,-28.830231669640938,-36.3636363636366
1000FLOKIUSDT,both,1,2026-07-02 12:31:00+00:00,30.468887437944403,13.477088948787852
1000FLOKIUSDT,both,1,2026-07-02 13:29:00+00:00,-29.01448387039096,-75.72383073496613
1000FLOKIUSDT,both,1,2026-07-02 14:02:00+00:00,28.30572700174727,-22.16312056737668
1000FLOKIUSDT,both,1,2026-07-02 15:37:00+00:00,-32.92390846873161,-4.496402877698369
1000FLOKIUSDT,both,1,2026-07-02 16:16:00+00:00,-28.30381295147788,4.4984255510571725
1000FLOKIUSDT,both,1,2026-07-02 16:28:00+00:00,-41.67314919893528,-13.550135501354532
1000FLOKIUSDT,both,1,2026-07-02 19:56:00+00:00,-27.759364270956155,13.562386980109364
1000FLOKIUSDT,both,1,2026-07-02 20:58:00+00:00,26.867003431991776,-13.586956521738358
1000FLOKIUSDT,both,1,2026-07-03 20:07:00+00:00,40.61448751192742,-4.299226139294898
1000FLOKIUSDT,both,1,2026-07-05 22:21:00+00:00,26.715837567046208,-4.168403501458862
1000FLOKIUSDT,both,1,2026-07-06 11:58:00+00:00,-43.318422596954065,198.19043515726054
1000FLOKIUSDT,both,1,2026-07-06 13:31:00+00:00,28.217796248473093,8.802816901407606
1000FLOKIUSDT,both,1,2026-07-06 14:24:00+00:00,34.25407190212226,34.949759720401815
1000FLOKIUSDT,both,1,2026-07-06 15:42:00+00:00,48.44801724784631,25.974025974027093
1000FLOKIUSDT,both,1,2026-07-06 15:51:00+00:00,57.774615134125185,4.286326618088143
1000FLOKIUSDT,both,1,2026-07-06 21:10:00+00:00,76.86459278543722,-41.718815185649575
1000FLOKIUSDT,both,1,2026-07-07 14:36:00+00:00,-53.846784612563425,-17.497812773403787
1000FLOKIUSDT,both,1,2026-07-08 01:37:00+00:00,-38.353917266764626,-48.715677590787095
1000FLOKIUSDT,both,1,2026-07-08 08:17:00+00:00,-31.539099418136374,-17.95332136445227
1000FLOKIUSDT,both,1,2026-07-08 11:44:00+00:00,41.6966873235225,-8.912655971480277
1000FLOKIUSDT,both,1,2026-07-08 14:21:00+00:00,27.19474943381428,-44.483985765124686
1000FLOKIUSDT,both,1,2026-07-08 14:46:00+00:00,-27.847441300234976,-22.471910112360494
1000FLOKIUSDT,both,1,2026-07-09 01:10:00+00:00,58.49239383936222,-8.861320336729372
1000FLOKIUSDT,both,1,2026-07-09 01:41:00+00:00,-28.967242234383406,-8.936550491509543
1000FLOKIUSDT,both,1,2026-07-09 14:16:00+00:00,-29.601484650374488,13.129102844637863
1000FLOKIUSDT,both,1,2026-07-09 15:23:00+00:00,34.148393063979654,-26.31578947368429
1000FLOKIUSDT,both,1,2026-07-09 18:08:00+00:00,39.19958277361246,-4.387889425185865
1000FLOKIUSDT,both,1,2026-07-10 01:49:00+00:00,67.85196105052904,-13.083296990841209
1000FLOKIUSDT,both,1,2026-07-10 08:17:00+00:00,27.48875791819927,-4.353504571179556
1000FLOKIUSDT,both,1,2026-07-10 14:33:00+00:00,-51.930973410012626,-13.250883392226243
1000FLOKIUSDT,both,1,2026-07-11 15:38:00+00:00,-35.11933980936632,-4.301075268817733
1000FLOKIUSDT,both,1,2026-07-13 00:11:00+00:00,28.891519412841404,-13.22751322751281
1000FLOKIUSDT,both,1,2026-07-13 00:46:00+00:00,34.806715580533165,13.327410039982723
1000FLOKIUSDT,both,1,2026-07-13 01:10:00+00:00,-28.47347510874343,-58.03571428571574
1000FLOKIUSDT,both,1,2026-07-13 01:18:00+00:00,-26.49763643745473,-8.928571428570287
1000FLOKIUSDT,both,1,2026-07-13 14:17:00+00:00,-32.16126099163219,-0.0
1000FLOKIUSDT,both,1,2026-07-13 17:37:00+00:00,-27.35732966559823,-13.812154696131174
1000FLOKIUSDT,both,1,2026-07-14 12:31:00+00:00,94.43454551377073,22.65518803806099
1000FLOKIUSDT,both,1,2026-07-14 14:05:00+00:00,-26.779580918585566,4.4762757385852225
1000FLOKIUSDT,both,1,2026-07-14 15:00:00+00:00,28.105354307950137,-8.908685968820329
1000FLOKIUSDT,both,1,2026-07-14 15:32:00+00:00,61.367429903746995,-8.873114463178178
1000FLOKIUSDT,both,1,2026-07-14 22:21:00+00:00,39.881195646120915,-17.897091722594016
1000FLOKIUSDT,both,1,2026-07-15 12:31:00+00:00,33.93549651660166,-44.58314757021853
1000FLOKIUSDT,both,1,2026-07-15 13:26:00+00:00,-27.148431321784017,-35.53976010661985
1000FLOKIUSDT,both,1,2026-07-15 14:22:00+00:00,30.18797393563588,-4.458314757022075
1000FLOKIUSDT,both,1,2026-07-15 17:49:00+00:00,-29.34548200506981,-0.0
1000FLOKIUSDT,both,1,2026-07-17 13:58:00+00:00,26.50279290229207,18.61330851558929
1000FLOKIUSDT,both,1,2026-07-20 01:10:00+00:00,27.326906248390515,-18.761726078798667
1000FLOKIUSDT,both,1,2026-07-20 05:13:00+00:00,-26.598701009223902,-9.55566172957445
1000FLOKIUSDT,both,1,2026-07-20 08:38:00+00:00,-27.438333768152745,-14.388489208632116
1000FLOKIUSDT,both,1,2026-07-20 11:33:00+00:00,40.32949949003495,37.75365738555969
1000FLOKIUSDT,both,1,2026-07-20 15:44:00+00:00,26.67217260027499,18.79699248120259
1000FLOKIUSDT,both,1,2026-07-21 05:49:00+00:00,30.027381666801745,-4.616805170821747
1000FLOKIUSDT,both,1,2026-07-21 17:47:00+00:00,-66.08028381320352,-14.150943396225024
1000FLOKIUSDT,both,1,2026-07-23 07:12:00+00:00,-35.713532972785345,-14.038371548898976
1000FLOKIUSDT,both,1,2026-07-26 22:01:00+00:00,35.449889904626275,-4.48028673835088
1000FLOKIUSDT,both,1,2026-07-27 14:21:00+00:00,-28.014515785805827,-9.170105456213218
1000FLOKIUSDT,both,1,2026-07-27 14:31:00+00:00,-42.62263532599064,41.570438799075625
1000FLOKIUSDT,both,1,2026-07-27 22:41:00+00:00,-47.31903117674463,9.592326139088447
1000FLOKIUSDT,both,1,2026-07-27 22:58:00+00:00,-32.55150075807123,43.49927501208328
1000FLOKIUSDT,both,1,2026-07-28 15:21:00+00:00,29.28965667797101,33.524904214559115
1000FLOKIUSDT,both,1,2026-07-29 13:40:00+00:00,26.727932107082353,4.837929366230398
1000FLOKIUSDT,both,1,2026-07-29 18:01:00+00:00,34.416755993422754,9.751340809360798
1000FLOKIUSDT,both,1,2026-07-29 18:32:00+00:00,-29.90644764503614,-19.66568338249708
1000FLOKIUSDT,both,1,2026-07-29 19:48:00+00:00,-30.1797810916149,-14.910536779324524
1000FLOKIUSDT,both,1,2026-07-30 11:51:00+00:00,27.604676182413357,-39.215686274509665
1000FLOKIUSDT,both,1,2026-07-31 01:10:00+00:00,33.73941368579381,-9.661835748792091
1000FLOKIUSDT,both,1,2026-07-31 14:07:00+00:00,-41.60368785768753,-74.5526838966204
1000FLOKIUSDT,bull,0,2026-07-01 03:53:00+00:00,27.072276103190518,-9.13659205116435
1000FLOKIUSDT,bull,0,2026-07-01 13:41:00+00:00,28.549237088189017,13.831258644536604
1000FLOKIUSDT,bull,0,2026-07-01 14:11:00+00:00,33.291309288809856,22.914757103575933
1000FLOKIUSDT,bull,0,2026-07-01 15:24:00+00:00,52.4199361177935,-45.12635379061325
1000FLOKIUSDT,bull,0,2026-07-01 22:22:00+00:00,37.10219990420427,-22.68602540834941
1000FLOKIUSDT,bull,0,2026-07-02 03:28:00+00:00,55.30494944236963,-31.96347031963476
1000FLOKIUSDT,bull,0,2026-07-02 03:39:00+00:00,28.51093021941864,18.28153564899404
1000FLOKIUSDT,bull,0,2026-07-02 12:31:00+00:00,30.468887437944403,-13.446884805019543
1000FLOKIUSDT,bull,0,2026-07-02 14:02:00+00:00,28.30572700174727,-35.46099290780202
1000FLOKIUSDT,bull,0,2026-07-02 20:58:00+00:00,26.867003431991776,-18.09954751131326
1000FLOKIUSDT,bull,0,2026-07-03 20:07:00+00:00,40.61448751192742,4.30477830391629
1000FLOKIUSDT,bull,0,2026-07-05 22:21:00+00:00,26.715837567046208,12.510425354461674
1000FLOKIUSDT,bull,0,2026-07-06 13:31:00+00:00,28.217796248473093,4.3859649122812705
1000FLOKIUSDT,bull,0,2026-07-06 14:24:00+00:00,34.25407190212226,26.16659398168464
1000FLOKIUSDT,bull,0,2026-07-06 15:42:00+00:00,48.44801724784631,17.316017316018062
1000FLOKIUSDT,bull,0,2026-07-06 15:51:00+00:00,57.774615134125185,25.77319587628857
1000FLOKIUSDT,bull,0,2026-07-06 21:10:00+00:00,76.86459278543722,-20.920502092051095
1000FLOKIUSDT,bull,0,2026-07-08 11:44:00+00:00,41.6966873235225,-26.66666666666595
1000FLOKIUSDT,bull,0,2026-07-08 14:21:00+00:00,27.19474943381428,-17.81737193763955
1000FLOKIUSDT,bull,0,2026-07-09 01:10:00+00:00,58.49239383936222,-39.75265017667873
1000FLOKIUSDT,bull,0,2026-07-09 15:23:00+00:00,34.148393063979654,-13.140604467805073
1000FLOKIUSDT,bull,0,2026-07-09 18:08:00+00:00,39.19958277361246,-13.157894736842701
1000FLOKIUSDT,bull,0,2026-07-10 01:49:00+00:00,67.85196105052904,-30.421555845284722
1000FLOKIUSDT,bull,0,2026-07-10 08:17:00+00:00,27.48875791819927,17.44439598778902
1000FLOKIUSDT,bull,0,2026-07-13 00:11:00+00:00,28.891519412841404,-8.822232024702226
1000FLOKIUSDT,bull,0,2026-07-13 00:46:00+00:00,34.806715580533165,13.333333333334085
1000FLOKIUSDT,bull,0,2026-07-14 12:31:00+00:00,94.43454551377073,-9.029345372459918
1000FLOKIUSDT,bull,0,2026-07-14 15:00:00+00:00,28.105354307950137,-4.448398576512025
1000FLOKIUSDT,bull,0,2026-07-14 15:32:00+00:00,61.367429903746995,-17.730496453901566
1000FLOKIUSDT,bull,0,2026-07-14 22:21:00+00:00,39.881195646120915,-8.9565606806985
1000FLOKIUSDT,bull,0,2026-07-15 12:31:00+00:00,33.93549651660166,-40.10695187165902
1000FLOKIUSDT,bull,0,2026-07-15 14:22:00+00:00,30.18797393563588,-26.7141585040076
1000FLOKIUSDT,bull,0,2026-07-17 13:58:00+00:00,26.50279290229207,13.966480446927498
1000FLOKIUSDT,bull,0,2026-07-20 01:10:00+00:00,27.326906248390515,-28.1162136832247
1000FLOKIUSDT,bull,0,2026-07-20 11:33:00+00:00,40.32949949003495,51.91127890514346
1000FLOKIUSDT,bull,0,2026-07-20 15:44:00+00:00,26.67217260027499,14.104372355430161
1000FLOKIUSDT,bull,0,2026-07-21 05:49:00+00:00,30.027381666801745,-4.616805170821747
1000FLOKIUSDT,bull,0,2026-07-26 22:01:00+00:00,35.449889904626275,-13.434841021047195
1000FLOKIUSDT,bull,0,2026-07-28 15:21:00+00:00,29.28965667797101,72.1500721500723
1000FLOKIUSDT,bull,0,2026-07-29 13:40:00+00:00,26.727932107082353,4.835589941971641
1000FLOKIUSDT,bull,0,2026-07-29 18:01:00+00:00,34.416755993422754,0.0
1000FLOKIUSDT,bull,0,2026-07-30 11:51:00+00:00,27.604676182413357,-34.29691327780482
1000FLOKIUSDT,bull,0,2026-07-31 01:10:00+00:00,33.73941368579381,-9.661835748792091
1000FLOKIUSDT,bull,1,2026-07-01 03:53:00+00:00,27.072276103190518,-4.572473708276403
1000FLOKIUSDT,bull,1,2026-07-01 13:41:00+00:00,28.549237088189017,50.76142131979822
1000FLOKIUSDT,bull,1,2026-07-01 14:11:00+00:00,33.291309288809856,27.447392497712553
1000FLOKIUSDT,bull,1,2026-07-01 15:24:00+00:00,52.4199361177935,-18.09136137494449
1000FLOKIUSDT,bull,1,2026-07-01 22:22:00+00:00,37.10219990420427,-58.823529411765605
1000FLOKIUSDT,bull,1,2026-07-02 03:28:00+00:00,55.30494944236963,-9.149130832571961
1000FLOKIUSDT,bull,1,2026-07-02 03:39:00+00:00,28.51093021941864,13.6986301369868
1000FLOKIUSDT,bull,1,2026-07-02 12:31:00+00:00,30.468887437944403,13.477088948787852
1000FLOKIUSDT,bull,1,2026-07-02 14:02:00+00:00,28.30572700174727,-22.16312056737668
1000FLOKIUSDT,bull,1,2026-07-02 20:58:00+00:00,26.867003431991776,-13.586956521738358
1000FLOKIUSDT,bull,1,2026-07-03 20:07:00+00:00,40.61448751192742,-4.299226139294898
1000FLOKIUSDT,bull,1,2026-07-05 22:21:00+00:00,26.715837567046208,-4.168403501458862
1000FLOKIUSDT,bull,1,2026-07-06 13:31:00+00:00,28.217796248473093,8.802816901407606
1000FLOKIUSDT,bull,1,2026-07-06 14:24:00+00:00,34.25407190212226,34.949759720401815
1000FLOKIUSDT,bull,1,2026-07-06 15:42:00+00:00,48.44801724784631,25.974025974027093
1000FLOKIUSDT,bull,1,2026-07-06 15:51:00+00:00,57.774615134125185,4.286326618088143
1000FLOKIUSDT,bull,1,2026-07-06 21:10:00+00:00,76.86459278543722,-41.718815185649575
1000FLOKIUSDT,bull,1,2026-07-08 11:44:00+00:00,41.6966873235225,-8.912655971480277
1000FLOKIUSDT,bull,1,2026-07-08 14:21:00+00:00,27.19474943381428,-44.483985765124686
1000FLOKIUSDT,bull,1,2026-07-09 01:10:00+00:00,58.49239383936222,-8.861320336729372
1000FLOKIUSDT,bull,1,2026-07-09 15:23:00+00:00,34.148393063979654,-26.31578947368429
1000FLOKIUSDT,bull,1,2026-07-09 18:08:00+00:00,39.19958277361246,-4.387889425185865
1000FLOKIUSDT,bull,1,2026-07-10 01:49:00+00:00,67.85196105052904,-13.083296990841209
1000FLOKIUSDT,bull,1,2026-07-10 08:17:00+00:00,27.48875791819927,-4.353504571179556
1000FLOKIUSDT,bull,1,2026-07-13 00:11:00+00:00,28.891519412841404,-13.22751322751281
1000FLOKIUSDT,bull,1,2026-07-13 00:46:00+00:00,34.806715580533165,13.327410039982723
1000FLOKIUSDT,bull,1,2026-07-14 12:31:00+00:00,94.43454551377073,22.65518803806099
1000FLOKIUSDT,bull,1,2026-07-14 15:00:00+00:00,28.105354307950137,-8.908685968820329
1000FLOKIUSDT,bull,1,2026-07-14 15:32:00+00:00,61.367429903746995,-8.873114463178178
1000FLOKIUSDT,bull,1,2026-07-14 22:21:00+00:00,39.881195646120915,-17.897091722594016
1000FLOKIUSDT,bull,1,2026-07-15 12:31:00+00:00,33.93549651660166,-44.58314757021853
1000FLOKIUSDT,bull,1,2026-07-15 14:22:00+00:00,30.18797393563588,-4.458314757022075
1000FLOKIUSDT,bull,1,2026-07-17 13:58:00+00:00,26.50279290229207,18.61330851558929
1000FLOKIUSDT,bull,1,2026-07-20 01:10:00+00:00,27.326906248390515,-18.761726078798667
1000FLOKIUSDT,bull,1,2026-07-20 11:33:00+00:00,40.32949949003495,37.75365738555969
1000FLOKIUSDT,bull,1,2026-07-20 15:44:00+00:00,26.67217260027499,18.79699248120259
1000FLOKIUSDT,bull,1,2026-07-21 05:49:00+00:00,30.027381666801745,-4.616805170821747
1000FLOKIUSDT,bull,1,2026-07-26 22:01:00+00:00,35.449889904626275,-4.48028673835088
1000FLOKIUSDT,bull,1,2026-07-28 15:21:00+00:00,29.28965667797101,33.524904214559115
1000FLOKIUSDT,bull,1,2026-07-29 13:40:00+00:00,26.727932107082353,4.837929366230398
1000FLOKIUSDT,bull,1,2026-07-29 18:01:00+00:00,34.416755993422754,9.751340809360798
1000FLOKIUSDT,bull,1,2026-07-30 11:51:00+00:00,27.604676182413357,-39.215686274509665
1000FLOKIUSDT,bull,1,2026-07-31 01:10:00+00:00,33.73941368579381,-9.661835748792091
1000FLOKIUSDT,bear,0,2026-07-01 01:11:00+00:00,-31.026591709881757,28.18224518553403
1000FLOKIUSDT,bear,0,2026-07-01 22:30:00+00:00,-31.393988674253137,-0.0
1000FLOKIUSDT,bear,0,2026-07-02 09:46:00+00:00,-28.830231669640938,-22.71694684234493
1000FLOKIUSDT,bear,0,2026-07-02 13:29:00+00:00,-29.01448387039096,-26.69039145907437
1000FLOKIUSDT,bear,0,2026-07-02 15:37:00+00:00,-32.92390846873161,-13.501350135012302
1000FLOKIUSDT,bear,0,2026-07-02 16:16:00+00:00,-28.30381295147788,4.500450045004101
1000FLOKIUSDT,bear,0,2026-07-02 16:28:00+00:00,-41.67314919893528,-13.550135501354532
1000FLOKIUSDT,bear,0,2026-07-02 19:56:00+00:00,-27.759364270956155,-9.049773755656076
1000FLOKIUSDT,bear,0,2026-07-06 11:58:00+00:00,-43.318422596954065,142.1188630490955
1000FLOKIUSDT,bear,0,2026-07-07 14:36:00+00:00,-53.846784612563425,-8.726003490400203
1000FLOKIUSDT,bear,0,2026-07-08 01:37:00+00:00,-38.353917266764626,-17.68346595932835
1000FLOKIUSDT,bear,0,2026-07-08 08:17:00+00:00,-31.539099418136374,17.897091722594016
1000FLOKIUSDT,bear,0,2026-07-08 14:46:00+00:00,-27.847441300234976,-4.492362982930764
1000FLOKIUSDT,bear,0,2026-07-09 01:41:00+00:00,-28.967242234383406,-0.0
1000FLOKIUSDT,bear,0,2026-07-09 14:16:00+00:00,-29.601484650374488,13.140604467805073
1000FLOKIUSDT,bear,0,2026-07-10 14:33:00+00:00,-51.930973410012626,-17.69911504424959
1000FLOKIUSDT,bear,0,2026-07-11 15:38:00+00:00,-35.11933980936632,-8.602150537633246
1000FLOKIUSDT,bear,0,2026-07-13 01:10:00+00:00,-28.47347510874343,-22.311468094600162
1000FLOKIUSDT,bear,0,2026-07-13 01:18:00+00:00,-26.49763643745473,-8.928571428570287
1000FLOKIUSDT,bear,0,2026-07-13 14:17:00+00:00,-32.16126099163219,-36.42987249544704
1000FLOKIUSDT,bear,0,2026-07-13 17:37:00+00:00,-27.35732966559823,-13.818516812529325
1000FLOKIUSDT,bear,0,2026-07-14 14:05:00+00:00,-26.779580918585566,-22.401433691756623
1000FLOKIUSDT,bear,0,2026-07-15 13:26:00+00:00,-27.148431321784017,-26.69039145907437
1000FLOKIUSDT,bear,0,2026-07-15 17:49:00+00:00,-29.34548200506981,-13.489208633095107
1000FLOKIUSDT,bear,0,2026-07-20 05:13:00+00:00,-26.598701009223902,-28.7356321839094
1000FLOKIUSDT,bear,0,2026-07-20 08:38:00+00:00,-27.438333768152745,-24.015369836694056
1000FLOKIUSDT,bear,0,2026-07-21 17:47:00+00:00,-66.08028381320352,-28.31524303916977
1000FLOKIUSDT,bear,0,2026-07-23 07:12:00+00:00,-35.713532972785345,-9.3545369504211
1000FLOKIUSDT,bear,0,2026-07-27 14:21:00+00:00,-28.014515785805827,50.182481751824824
1000FLOKIUSDT,bear,0,2026-07-27 14:31:00+00:00,-42.62263532599064,-9.27213722763165
1000FLOKIUSDT,bear,0,2026-07-27 22:41:00+00:00,-47.31903117674463,23.980815347722782
1000FLOKIUSDT,bear,0,2026-07-27 22:58:00+00:00,-32.55150075807123,33.84912959381037
1000FLOKIUSDT,bear,0,2026-07-29 18:32:00+00:00,-29.90644764503614,14.720314033365156
1000FLOKIUSDT,bear,0,2026-07-29 19:48:00+00:00,-30.1797810916149,-34.86055776892538
1000FLOKIUSDT,bear,0,2026-07-31 14:07:00+00:00,-41.60368785768753,-74.7384155455899
1000FLOKIUSDT,bear,1,2026-07-01 01:11:00+00:00,-31.026591709881757,84.42776735459678
1000FLOKIUSDT,bear,1,2026-07-01 22:30:00+00:00,-31.393988674253137,9.119927040585063
1000FLOKIUSDT,bear,1,2026-07-02 09:46:00+00:00,-28.830231669640938,-36.3636363636366
1000FLOKIUSDT,bear,1,2026-07-02 13:29:00+00:00,-29.01448387039096,-75.72383073496613
1000FLOKIUSDT,bear,1,2026-07-02 15:37:00+00:00,-32.92390846873161,-4.496402877698369
1000FLOKIUSDT,bear,1,2026-07-02 16:16:00+00:00,-28.30381295147788,4.4984255510571725
1000FLOKIUSDT,bear,1,2026-07-02 16:28:00+00:00,-41.67314919893528,-13.550135501354532
1000FLOKIUSDT,bear,1,2026-07-02 19:56:00+00:00,-27.759364270956155,13.562386980109364
1000FLOKIUSDT,bear,1,2026-07-06 11:58:00+00:00,-43.318422596954065,198.19043515726054
1000FLOKIUSDT,bear,1,2026-07-07 14:36:00+00:00,-53.846784612563425,-17.497812773403787
1000FLOKIUSDT,bear,1,2026-07-08 01:37:00+00:00,-38.353917266764626,-48.715677590787095
1000FLOKIUSDT,bear,1,2026-07-08 08:17:00+00:00,-31.539099418136374,-17.95332136445227
1000FLOKIUSDT,bear,1,2026-07-08 14:46:00+00:00,-27.847441300234976,-22.471910112360494
1000FLOKIUSDT,bear,1,2026-07-09 01:41:00+00:00,-28.967242234383406,-8.936550491509543
1000FLOKIUSDT,bear,1,2026-07-09 14:16:00+00:00,-29.601484650374488,13.129102844637863
1000FLOKIUSDT,bear,1,2026-07-10 14:33:00+00:00,-51.930973410012626,-13.250883392226243
1000FLOKIUSDT,bear,1,2026-07-11 15:38:00+00:00,-35.11933980936632,-4.301075268817733
1000FLOKIUSDT,bear,1,2026-07-13 01:10:00+00:00,-28.47347510874343,-58.03571428571574
1000FLOKIUSDT,bear,1,2026-07-13 01:18:00+00:00,-26.49763643745473,-8.928571428570287
1000FLOKIUSDT,bear,1,2026-07-13 14:17:00+00:00,-32.16126099163219,-0.0
1000FLOKIUSDT,bear,1,2026-07-13 17:37:00+00:00,-27.35732966559823,-13.812154696131174
1000FLOKIUSDT,bear,1,2026-07-14 14:05:00+00:00,-26.779580918585566,4.4762757385852225
1000FLOKIUSDT,bear,1,2026-07-15 13:26:00+00:00,-27.148431321784017,-35.53976010661985
1000FLOKIUSDT,bear,1,2026-07-15 17:49:00+00:00,-29.34548200506981,-0.0
1000FLOKIUSDT,bear,1,2026-07-20 05:13:00+00:00,-26.598701009223902,-9.55566172957445
1000FLOKIUSDT,bear,1,2026-07-20 08:38:00+00:00,-27.438333768152745,-14.388489208632116
1000FLOKIUSDT,bear,1,2026-07-21 17:47:00+00:00,-66.08028381320352,-14.150943396225024
1000FLOKIUSDT,bear,1,2026-07-23 07:12:00+00:00,-35.713532972785345,-14.038371548898976
1000FLOKIUSDT,bear,1,2026-07-27 14:21:00+00:00,-28.014515785805827,-9.170105456213218
1000FLOKIUSDT,bear,1,2026-07-27 14:31:00+00:00,-42.62263532599064,41.570438799075625
1000FLOKIUSDT,bear,1,2026-07-27 22:41:00+00:00,-47.31903117674463,9.592326139088447
1000FLOKIUSDT,bear,1,2026-07-27 22:58:00+00:00,-32.55150075807123,43.49927501208328
1000FLOKIUSDT,bear,1,2026-07-29 18:32:00+00:00,-29.90644764503614,-19.66568338249708
1000FLOKIUSDT,bear,1,2026-07-29 19:48:00+00:00,-30.1797810916149,-14.910536779324524
1000FLOKIUSDT,bear,1,2026-07-31 14:07:00+00:00,-41.60368785768753,-74.5526838966204
